Brand,Model,Submodel,Tyre Brand,Serial No.,Type,Load Index,Size,Selling Price,Original Price,Rating,,,
Maruti,Swift Dzire,LDI (Diesel),JKTyre,Taximaxx,Tubeless,85,165/80 R 14,"3,255","3,255",5,,,
Maruti,Swift Dzire,LDI (Diesel),CEAT,Milage X3,Tubeless,85,165/80 R 14,"3,406","3,406",4,,,
Maruti,Swift Dzire,LDI (Diesel),Apollo,Amazer 4G Life,Tubeless,85,165/80 R 14,"3,490","4,319",4.5,,,
Maruti,Swift Dzire,LDI (Diesel),Continental,Comfort Contact CC6,Tubeless,85,165/80 R 14,"4,484","4,244",,,,
Maruti,Swift Dzire,LDI (Diesel),GoodYear,Assurance Duraplus 2,Tubeless,85,165/80 R 14,"3,025","3,025",4.2,,,
Maruti,Swift Dzire,LDI (Diesel),JKTyre,Tornado,Tubeless,85,165/80 R 14,"3,103","3,103",4.3,,,
Maruti,Swift Dzire,LDI (Diesel),Firestone,FR500,Tubeless,85,165/80 R 14,"3,135","3,135",,,,
Maruti,Swift Dzire,LDI (Diesel),JKTyre,Elanzo Touring,Tubeless,85,165/80 R 14,"3,255","3,255",4.1,,,
Maruti,Swift Dzire,LDI (Diesel),BridgeStone,B-Series B290,Tubeless,85,165/80 R 14,"4,250","4,250",3.7,,,
Maruti,Swift Dzire,LDI (Diesel),BridgeStone,Turanza T005,Tubeless,85,165/80 R 14,"4,272","4,272",3.8,,,
Maruti,Swift Dzire,LDI (Diesel),BridgeStone,S-Series S248,Tubeless,85,165/80 R 14,"4,300","4,300",5,,,
Maruti,Swift Dzire,LDI (Diesel),BridgeStone,Ecopia EP150,Tubeless,85,165/80 R 14,"4,150","4,150",5,,,
Maruti,Swift Dzire,LDI (Diesel),CEAT,FuelSmart,Tubeless,85,165/80 R 14,"3,617","3,617",4.6,,,
Maruti,Swift Dzire,LDI (Diesel),CEAT,Milage X3,Tube,85,165/80 R 14,"3,637","3,637",5,,,
Maruti,Swift Dzire,LDI (Diesel),Falken,Sincera845,Tubeless,85,165/80 R 14,"4,184","4,184",,,,
Maruti,Swift Dzire,LDI (Diesel),GoodYear,Duraplus,Tubeless,85,165/80 R 14,"3,423","3,423",3,,,
Maruti,Swift Dzire,LDI (Diesel),GoodYear,Assurance Duraplus,Tubeless,85,165/80 R 14,"3,464","3,464",,,,
Maruti,Swift Dzire,LDI (Diesel),JKTyre,UX Royale,Tubeless,85,165/80 R 14,"3,288","3,288",,,,
Maruti,Swift Dzire,LDI (Diesel),MRF,ZTX,Tubeless,85,165/80 R 14,"3,995","3,995",5,,,
Maruti,Swift Dzire,LDI (Diesel),MRF,ZV2K,Tubeless,85,165/80 R 14,"4,014","4,014",4,,,
Maruti,Swift Dzire,LDI (Diesel),MRF,ZLX,Tubeless,85,165/80 R 14,"4,038","4,038",4,,,
Maruti,Swift Dzire,LDI (Diesel),UltraMile,UM 551,Tubeless,85,165/80 R 14,"4,045","4,045",3,,,
Maruti,Swift Dzire,LDI (Diesel),Yokohama,Earth-1 E400,Tubeless,85,165/80 R 14,"3,748","3,748",3,,,
Maruti,Swift Dzire,LXI Option (Petrol),Apollo,Amazer 4G Life,Tubeless,85,165/80 R 14,"3,490","4,319",4.5,,,
Maruti,Swift Dzire,LXI (Petrol),Apollo,Amazer 4G Life,Tubeless,85,165/80 R 14,"3,490","4,319",4.5,,,
Maruti,Swift Dzire,VDI (Diesel),Apollo,Amazer 4G Life,Tubeless,85,165/80 R 14,"3,490","4,319",4.5,,,
Maruti,Swift Dzire,Vxi AT (Petrol),Apollo,Amazer 4G Life,Tubeless,85,165/80 R 14,"3,490","4,319",4.5,,,
Maruti,Swift Dzire,VXI (Petrol),Apollo,Amazer 4G Life,Tubeless,85,165/80 R 14,"3,490","4,319",4.5,,,
Maruti,Swift Dzire,ZDI (Diesel),Kumho,Ecowing KH27,Tubeless,88,185/70 R 14,"3,800","3,800",,,,
Maruti,Swift Dzire,ZDI (Diesel),Pirelli,Cinturato P4,Tubeless,88,185/70 R 14,"5,350","5,350",,,,
Maruti,Swift Dzire,ZDI (Diesel),Michelin,Energy XM2,Tubeless,88,185/70 R 14,"5,170","5,170",,,,
Maruti,Swift Dzire,ZDI (Diesel),Hankook,Optimo ME02,Tubeless,88,185/70 R 14,"4,987","4,987",,,,
Maruti,Swift Dzire,ZDI (Diesel),Maxxis,MAP3,Tubeless,88,185/70 R 14,"4,465","5,200",,,,
Maruti,Swift Dzire,ZDI (Diesel),Apollo,Amazer 4G Life,Tubeless,88,185/70 R 15,"5,429","5,429",4,,,
Maruti,Swift Dzire,ZDI (Diesel),Apollo,Ainac 4G,Tubeless,88,185/70 R 16,"5,359","5,359",5,,,
Maruti,Swift Dzire,ZDI (Diesel),CEAT,Milage X3,Tubeless,88,185/70 R 19,"4,123","4,123",3.9,,,
Maruti,Swift Dzire,ZDI (Diesel),CEAT,FuelSmart,Tubeless,88,185/70 R 20,"4,366","4,366",5,,,
Maruti,Swift Dzire,ZDI (Diesel),Apollo,Amazer 4G Life,Tubeless,88,185/70 R 21,"4,199","4,351",3.9,,,
Maruti,Swift Dzire,ZDI (Diesel),Apollo,Ainac 4G,Tubeless,88,185/70 R 22,"4,489","4,489",,,,
Maruti,Kizashi,CVT,Apollo,Aspire 4G,Tubeless,94,215/55 R 17,"10,880","10,880",,,,
Maruti,Swift Dzire,ZDI (Diesel),Apollo,Amazer 3G Maxx,Tubeless,88,185/70 R 23,"4,688","4,688",,,,
Maruti,Kizashi,CVT,Apollo,Ainac 4G,Tubeless,94,215/55 R 17,"9,891","9,891",,,,
Maruti,Swift Dzire,ZDI (Diesel),Apollo,Ainac 4G,Tubeless,88,185/70 R 24,"5,359","5,359",5,,,
Maruti,Swift Dzire,ZDI (Diesel),Apollo,Amazer 4G Life,Tubeless,88,185/70 R 25,"5,429","5,429",4,,,
Maruti,Swift Dzire,ZXI,Apollo,Amazer 4G Life,Tubeless,88,185/70 R 26,"4,199","4,351",3.9,,,
Maruti,Swift Dzire,ZXI,Apollo,Ainac 4G,Tubeless,88,185/70 R 27,"4,489","4,489",,,,
Maruti,Swift Dzire,ZDI (Petrol) New,Apollo,Ainac 4G,Tubeless,88,185/70 R 28,"5,359","5,359",5,,,
Maruti,Swift Dzire,ZDI (Petrol) New,Apollo,Amazer 4G Life,Tubeless,88,185/70 R 29,"5,429","5,429",4,,,
Maruti,Swift Dzire,LXI Option (Petrol),BridgeStone,B-Series B290,Tubeless,85,165/80 R 14,"4,250","4,250",3.7,,,
Maruti,Swift Dzire,LXI Option (Petrol),BridgeStone,Turanza T005,Tubeless,85,165/80 R 14,"4,272","4,272",3.8,,,
Maruti,Swift Dzire,LXI Option (Petrol),BridgeStone,S-Series S248,Tubeless,85,165/80 R 14,"4,300","4,300",5,,,
Maruti,Swift Dzire,LXI Option (Petrol),BridgeStone,Ecopia EP150,Tubeless,85,165/80 R 14,"4,150","4,150",5,,,
Maruti,Swift Dzire,LXI (Petrol),BridgeStone,B-Series B290,Tubeless,85,165/80 R 14,"4,250","4,250",3.7,,,
Maruti,Swift Dzire,LXI (Petrol),BridgeStone,Turanza T005,Tubeless,85,165/80 R 14,"4,272","4,272",3.8,,,
Maruti,Swift Dzire,LXI (Petrol),BridgeStone,S-Series S248,Tubeless,85,165/80 R 14,"4,300","4,300",5,,,
Maruti,Swift Dzire,LXI (Petrol),BridgeStone,Ecopia EP150,Tubeless,85,165/80 R 14,"4,150","4,150",5,,,
Maruti,Swift Dzire,VDI (Diesel),BridgeStone,B-Series B290,Tubeless,85,165/80 R 14,"4,250","4,250",3.7,,,
Maruti,Swift Dzire,VDI (Diesel),BridgeStone,Turanza T005,Tubeless,85,165/80 R 14,"4,272","4,272",3.8,,,
Maruti,Swift Dzire,VDI (Diesel),BridgeStone,S-Series S248,Tubeless,85,165/80 R 14,"4,300","4,300",5,,,
Maruti,Swift Dzire,VDI (Diesel),BridgeStone,Ecopia EP150,Tubeless,85,165/80 R 14,"4,150","4,150",5,,,
Maruti,Swift Dzire,Vxi AT (Petrol),BridgeStone,B-Series B290,Tubeless,85,165/80 R 14,"4,250","4,250",3.7,,,
Maruti,Swift Dzire,Vxi AT (Petrol),BridgeStone,Turanza T005,Tubeless,85,165/80 R 14,"4,272","4,272",3.8,,,
Maruti,Swift Dzire,Vxi AT (Petrol),BridgeStone,S-Series S248,Tubeless,85,165/80 R 14,"4,300","4,300",5,,,
Maruti,Swift Dzire,Vxi AT (Petrol),BridgeStone,Ecopia EP150,Tubeless,85,165/80 R 14,"4,150","4,150",5,,,
Maruti,Swift Dzire,VXI (Petrol),BridgeStone,B-Series B290,Tubeless,85,165/80 R 14,"4,250","4,250",3.7,,,
Maruti,Swift Dzire,VXI (Petrol),BridgeStone,Turanza T005,Tubeless,85,165/80 R 14,"4,272","4,272",3.8,,,
Maruti,Swift Dzire,VXI (Petrol),BridgeStone,S-Series S248,Tubeless,85,165/80 R 14,"4,300","4,300",5,,,
Maruti,Swift Dzire,VXI (Petrol),BridgeStone,Ecopia EP150,Tubeless,85,165/80 R 14,"4,150","4,150",5,,,
Maruti,Swift Dzire,ZDI (Diesel),BridgeStone,Ecopia EP150,Tubeless,88,185/70 R 14,"5,000","5,000",,,,
Maruti,Swift Dzire,ZDI (Diesel),BridgeStone,B-Series B290,Tubeless,88,185/70 R 14,"5,150","5,150",,,,
Maruti,Swift Dzire,ZDI (Diesel),BridgeStone,Turanza T005,Tubeless,88,185/70 R 14,"5,196","5,196",4.8,,,
Maruti,Swift Dzire,ZDI (Diesel),BridgeStone,B-series B250,Tubeless,88,185/70 R 14,"5,250","5,250",,,,
Maruti,Swift Dzire,ZDI (Diesel),BridgeStone,Ecopia EP150,Tubeless,88,185/65 R 15,"6,450","6,450",4.5,,,
Maruti,Swift Dzire,ZDI (Diesel),BridgeStone,B-Series B290,Tubeless,88,185/65 R 15,"6,050","6,050",4,,,
Maruti,Swift Dzire,ZDI (Diesel),BridgeStone,Turanza T005,Tubeless,88,185/65 R 15,"6,111","6,111",3,,,
Maruti,Swift Dzire,ZDI (Diesel),BridgeStone,B-series B250,Tubeless,88,185/65 R 15,"6,150","6,150",,,,
Maruti,Swift Dzire,ZXI,BridgeStone,Ecopia EP150,Tubeless,88,185/70 R 14,"5,000","5,000",,,,
Maruti,Swift Dzire,ZXI,BridgeStone,B-Series B290,Tubeless,88,185/70 R 14,"5,150","5,150",,,,
Maruti,Swift Dzire,ZXI,BridgeStone,Turanza T005,Tubeless,88,185/70 R 14,"5,196","5,196",4.8,,,
Maruti,Swift Dzire,ZXI,BridgeStone,B-series B250,Tubeless,88,185/70 R 14,"5,250","5,250",,,,
Maruti,Swift Dzire,ZDI (Petrol) New,BridgeStone,Ecopia EP150,Tubeless,88,185/65 R 15,"6,450","6,450",4.5,,,
Maruti,Swift Dzire,ZDI (Petrol) New,BridgeStone,B-Series B290,Tubeless,88,185/65 R 15,"6,050","6,050",4,,,
Maruti,Swift Dzire,ZDI (Petrol) New,BridgeStone,Turanza T005,Tubeless,88,185/65 R 15,"6,111","6,111",3,,,
Maruti,Swift Dzire,ZDI (Petrol) New,BridgeStone,B-series B250,Tubeless,88,185/65 R 15,"6,150","6,150",,,,
Maruti,Swift Dzire,ZXI (Petrol) New,CEAT,SecuraDrive,Tubeless,88,185/65 R 15,"4,377","4,377",5,,,
Maruti,Swift Dzire,ZXI (Petrol) New,CEAT,Milage X3,Tubeless,88,185/65 R 15,"4,894","4,894",,,,
Maruti,Swift Dzire,ZXI (Petrol) New,CEAT,FuelSmart,Tubeless,88,185/65 R 15,"5,202","5,202",5,,,
Maruti,Swift Dzire,ZXI,CEAT,Milage X3,Tubeless,88,185/70 R 14,"4,123","4,123",4.3,,,
Maruti,Swift Dzire,ZXI,CEAT,FuelSmart,Tubeless,88,185/70 R 14,"4,366","4,366",5,,,
Maruti,Swift Dzire,ZDI (Petrol) New,CEAT,SecuraDrive,Tubeless,88,185/65 R 15,"4,377","4,377",5,,,
Maruti,Swift Dzire,ZDI (Petrol) New,CEAT,Milage X3,Tubeless,88,185/65 R 15,"4,894","4,894",,,,
Maruti,Swift Dzire,ZDI (Petrol) New,CEAT,FuelSmart,Tubeless,88,185/65 R 15,"5,202","5,202",5,,,
Maruti,Swift Dzire,ZDI (Diesel),CEAT,Milage X3,Tubeless,88,185/70 R 14,"4,123","4,123",4.3,,,
Maruti,Swift Dzire,ZDI (Diesel),CEAT,FuelSmart,Tubeless,88,185/70 R 14,"4,366","4,366",5,,,
Maruti,Swift Dzire,VXI (Petrol),CEAT,Milage X3,Tubeless,85,165/80 R 14,"3,406","3,406",4,,,
Maruti,Swift Dzire,VXI (Petrol),CEAT,FuelSmart,Tubeless,85,165/80 R 14,"3,617","3,617",4.6,,,
Maruti,Swift Dzire,Vxi AT (Petrol),CEAT,Milage X3,Tubeless,85,165/80 R 14,"3,406","3,406",4,,,
Maruti,Swift Dzire,Vxi AT (Petrol),CEAT,FuelSmart,Tubeless,85,165/80 R 14,"3,617","3,617",4.6,,,
Maruti,Swift Dzire,Vxi AT (Petrol),CEAT,Milage X3,Tube,85,165/80 R 14,"3,637","3,637",5,,,
Maruti,Swift Dzire,VDI (Diesel),CEAT,Milage X3,Tubeless,85,165/80 R 14,"3,406","3,406",4,,,
Maruti,Swift Dzire,VDI (Diesel),CEAT,FuelSmart,Tubeless,85,165/80 R 14,"3,617","3,617",4.6,,,
Maruti,Swift Dzire,VDI (Diesel),CEAT,Milage X3,Tube,85,165/80 R 14,"3,637","3,637",5,,,
Maruti,Swift Dzire,LXI (Petrol),CEAT,Milage X3,Tubeless,85,165/80 R 14,"3,406","3,406",4,,,
Maruti,Swift Dzire,LXI (Petrol),CEAT,FuelSmart,Tubeless,85,165/80 R 14,"3,617","3,617",4.6,,,
Maruti,Swift Dzire,LXI (Petrol),CEAT,Milage X3,Tube,85,165/80 R 14,"3,637","3,637",5,,,
Maruti,Swift Dzire,LXI Option (Petrol),CEAT,Milage X3,Tubeless,85,165/80 R 14,"3,406","3,406",4,,,
Maruti,Swift Dzire,LXI Option (Petrol),CEAT,FuelSmart,Tubeless,85,165/80 R 14,"3,617","3,617",4.6,,,
Maruti,Swift Dzire,LXI Option (Petrol),CEAT,Milage X3,Tube,85,165/80 R 14,"3,637","3,637",5,,,
Maruti,Swift Dzire,LXI Option (Petrol),Continental,Comfort Contact CC6,Tubeless,85,165/80 R 14,"4,244","4,244",,,,
Maruti,Swift Dzire,LXI Option (Petrol),Continental,Comfort Contact CC5,Tubeless,85,165/80 R 14,"4,086","4,086",3.9,,,
Maruti,Swift Dzire,LXI (Petrol),Continental,Comfort Contact CC6,Tubeless,85,165/80 R 14,"4,244","4,244",,,,
Maruti,Swift Dzire,LXI (Petrol),Continental,Comfort Contact CC5,Tubeless,85,165/80 R 14,"4,086","4,086",3.9,,,
Maruti,Swift Dzire,VDI (Diesel),Continental,Comfort Contact CC6,Tubeless,85,165/80 R 14,"4,244","4,244",,,,
Maruti,Swift Dzire,VDI (Diesel),Continental,Comfort Contact CC5,Tubeless,85,165/80 R 14,"4,086","4,086",3.9,,,
Maruti,Swift Dzire,Vxi AT (Petrol),Continental,Comfort Contact CC6,Tubeless,85,165/80 R 14,"4,244","4,244",,,,
Maruti,Swift Dzire,Vxi AT (Petrol),Continental,Comfort Contact CC5,Tubeless,85,165/80 R 14,"4,086","4,086",3.9,,,
Maruti,Swift Dzire,VXI (Petrol),Continental,Comfort Contact CC6,Tubeless,85,165/80 R 14,"4,244","4,244",,,,
Maruti,Swift Dzire,VXI (Petrol),Continental,Comfort Contact CC5,Tubeless,85,165/80 R 14,"4,086","4,086",3.9,,,
Maruti,Swift Dzire,ZDI (Diesel),Continental,Comfort Contact CC6,Tubeless,88,185/70 R14,"5,257","5,257",,,,
Maruti,Swift Dzire,ZDI (Diesel),Continental,Ultra Contact UC6,Tubeless,88,185/70 R14,"5,396","5,940",,,,
Maruti,Swift Dzire,ZDI (Diesel),Continental,Comfort Contact CC6,Tubeless,88,185/65 R 15,"5,699","5,699",,,,
Maruti,Swift Dzire,ZDI (Diesel),Continental,Ultra Contact UC6,Tubeless,88,185/65 R 15,"6,068","6,644",,,,
Maruti,Swift Dzire,ZXI,Continental,Comfort Contact CC6,Tubeless,88,185/70 R14,"5,257","5,257",,,,
Maruti,Swift Dzire,ZXI,Continental,Ultra Contact UC6,Tubeless,88,185/70 R14,"5,396","5,940",,,,
Maruti,Swift Dzire,ZXI (Petrol) New,Continental,Comfort Contact CC6,Tubeless,88,185/65 R 15,"5,699","5,699",,,,
Maruti,Swift Dzire,ZXI (Petrol) New,Continental,Ultra Contact UC6,Tubeless,88,185/65 R 15,"6,068","6,644",,,,
Maruti,Swift Dzire,ZXI (Petrol) New,Falken,Sincera845,Tubeless,88,185/65 R 15,"5,526","5,526",,,,
Maruti,Swift Dzire,ZXI (Petrol) New,Falken,EcoRun ZE914,Tubeless,88,185/65 R 15,"5,609","5,609",,,,
Maruti,Swift Dzire,ZXI,Falken,Sincera845,Tubeless,88,185/70 R14,"5,332","5,332",,,,
Maruti,Swift Dzire,ZDI (Diesel),Falken,Sincera845,Tubeless,88,185/65 R 15,"5,526","5,526",,,,
Maruti,Swift Dzire,ZDI (Diesel),Falken,EcoRun ZE914,Tubeless,88,185/65 R 15,"5,609","5,609",,,,
Maruti,Swift Dzire,ZDI (Diesel),Falken,Sincera845,Tubeless,88,185/70 R14,"5,332","5,332",,,,
Maruti,Swift Dzire,VXI (Petrol),Falken,Sincera845,Tubeless,85,165/80 R 14,"4,184","4,184",,,,
Maruti,Swift Dzire,Vxi AT (Petrol),Falken,Sincera845,Tubeless,85,165/80 R 14,"4,184","4,184",,,,
Maruti,Swift Dzire,VDI (Diesel),Falken,Sincera845,Tubeless,85,165/80 R 14,"4,184","4,184",,,,
Maruti,Swift Dzire,LXI (Petrol),Falken,Sincera845,Tubeless,85,165/80 R 14,"4,184","4,184",,,,
Maruti,Swift Dzire,LXI Option (Petrol),Falken,Sincera845,Tubeless,85,165/80 R 14,"4,184","4,184",,,,
Maruti,Swift Dzire,LXI Option (Petrol),Firestone,FR500,Tubeless,85,165/80 R 14,"3,135","3,135",,,,
Maruti,Swift Dzire,LXI (Petrol),Firestone,FR500,Tubeless,85,165/80 R 14,"3,135","3,135",,,,
Maruti,Swift Dzire,VDI (Diesel),Firestone,FR500,Tubeless,85,165/80 R 14,"3,135","3,135",,,,
Maruti,Swift Dzire,Vxi AT (Petrol),Firestone,FR500,Tubeless,85,165/80 R 14,"3,135","3,135",,,,
Maruti,Swift Dzire,VXI (Petrol),Firestone,FR500,Tubeless,85,165/80 R 14,"3,135","3,135",,,,
Maruti,Swift Dzire,ZDI (Diesel),Firestone,FR500,Tubeless,88,185/70 R 14,"3,990","3,990",,,,
Maruti,Swift Dzire,ZDI (Diesel),Firestone,FR500,Tubeless,88,185/65 R 15,"4,608","4,608",,,,
Maruti,Swift Dzire,ZXI,Firestone,FR500,Tubeless,88,185/70 R 14,"3,990","3,990",,,,
Maruti,Swift Dzire,ZXI (Petrol) New,Firestone,FR500,Tubeless,88,185/65 R 15,"4,608","4,608",,,,
Maruti,Swift Dzire,LXI Option (Petrol),GoodYear,Assurance Duraplus 2,Tubeless,85,165/80 R 14,"3,025","3,025",4.2,,,
Maruti,Swift Dzire,LXI Option (Petrol),GoodYear,Duraplus,Tubeless,85,165/80 R 14,"3,423","3,423",3,,,
Maruti,Swift Dzire,LXI Option (Petrol),GoodYear,Assurance Duraplus,Tubeless,85,165/80 R 14,"3,464","3,464",,,,
Maruti,Swift Dzire,LXI (Petrol),GoodYear,Assurance Duraplus 2,Tubeless,85,165/80 R 14,"3,025","3,025",4.2,,,
Maruti,Swift Dzire,LXI (Petrol),GoodYear,Duraplus,Tubeless,85,165/80 R 14,"3,423","3,423",3,,,
Maruti,Swift Dzire,LXI (Petrol),GoodYear,Assurance Duraplus,Tubeless,85,165/80 R 14,"3,464","3,464",,,,
Maruti,Swift Dzire,VDI (Diesel),GoodYear,Assurance Duraplus 2,Tubeless,85,165/80 R 14,"3,025","3,025",4.2,,,
Maruti,Swift Dzire,VDI (Diesel),GoodYear,Duraplus,Tubeless,85,165/80 R 14,"3,423","3,423",3,,,
Maruti,Swift Dzire,VDI (Diesel),GoodYear,Assurance Duraplus,Tubeless,85,165/80 R 14,"3,464","3,464",,,,
Maruti,Swift Dzire,Vxi AT (Petrol),GoodYear,Assurance Duraplus 2,Tubeless,85,165/80 R 14,"3,025","3,025",4.2,,,
Maruti,Swift Dzire,Vxi AT (Petrol),GoodYear,Duraplus,Tubeless,85,165/80 R 14,"3,423","3,423",3,,,
Maruti,Swift Dzire,Vxi AT (Petrol),GoodYear,Assurance Duraplus,Tubeless,85,165/80 R 14,"3,464","3,464",,,,
Maruti,Swift Dzire,VXI (Petrol),GoodYear,Assurance Duraplus 2,Tubeless,85,165/80 R 14,"3,025","3,025",4.2,,,
Maruti,Swift Dzire,VXI (Petrol),GoodYear,Duraplus,Tubeless,85,165/80 R 14,"3,423","3,423",3,,,
Maruti,Swift Dzire,VXI (Petrol),GoodYear,Assurance Duraplus,Tubeless,85,165/80 R 14,"3,464","3,464",,,,
Maruti,Swift Dzire,ZDI (Diesel),GoodYear,Assurance Duraplus,Tubeless,88,185/70 R 14,"4,262","4,262",,,,
Maruti,Swift Dzire,ZDI (Diesel),GoodYear,Assurance Triplemax,Tubeless,88,185/70 R 14,"4,618","4,618",,,,
Maruti,Swift Dzire,ZDI (Diesel),GoodYear,Assurance Triplemax 2,Tubeless,88,185/70 R 14,"4,618","4,618",,,,
Maruti,Swift Dzire,ZDI (Diesel),GoodYear,Duraplus,Tubeless,88,185/70 R 14,"4,885","4,885",,,,
Maruti,Swift Dzire,ZDI (Diesel),GoodYear,Assurance Triplemax,Tubeless,88,185/65 R 15,"4,724","4,724",5,,,
Maruti,Swift Dzire,ZDI (Diesel),GoodYear,Duraplus,Tubeless,88,185/65 R 15,"4,853","4,853",4,,,
Maruti,Swift Dzire,ZXI,GoodYear,Assurance Duraplus,Tubeless,88,185/70 R 14,"4,262","4,262",,,,
Maruti,Swift Dzire,ZXI,GoodYear,Assurance Triplemax,Tubeless,88,185/70 R 14,"4,618","4,618",5,,,
Maruti,Swift Dzire,ZXI (Petrol) New,GoodYear,Assurance Triplemax,Tubeless,88,185/65 R 15,"4,724","4,724",5,,,
Maruti,Swift Dzire,ZXI (Petrol) New,GoodYear,Duraplus,Tubeless,88,185/65 R 15,"4,853","4,853",4,,,
Maruti,Swift Dzire,ZXI (Petrol) New,JKTyre,UX Royale,Tubeless,88,185/65 R 15,"3,995","3,995",,,,
Maruti,Swift Dzire,ZXI (Petrol) New,JKTyre,Taximaxx,Tubeless,88,185/65 R 15,"4,638","4,638",,,,
Maruti,Swift Dzire,ZXI,JKTyre,Taximaxx,Tubeless,88,185/70 R 14,"4,286","4,286",5,,,
Maruti,Swift Dzire,ZXI,JKTyre,UX Royale,Tubeless,88,185/70 R 14,"4,313","4,313",,,,
Maruti,Swift Dzire,ZDI (Diesel),JKTyre,UX Royale,Tubeless,88,185/65 R 15,"3,995","3,995",,,,
Maruti,Swift Dzire,ZDI (Diesel),JKTyre,Taximaxx,Tubeless,88,185/65 R 15,"4,638","4,638",,,,
Maruti,Swift Dzire,ZDI (Diesel),JKTyre,Taximaxx,Tubeless,88,185/70 R 14,"4,286","4,286",5,,,
Maruti,Swift Dzire,ZDI (Diesel),JKTyre,UX Royale,Tubeless,88,185/70 R 14,"4,313","4,313",,,,
Maruti,Swift Dzire,VXI (Petrol),JKTyre,Tornado,Tubeless,85,165/80 R 14,"3,227","3,227",,,,
Maruti,Swift Dzire,VXI (Petrol),JKTyre,Elanzo Touring,Tubeless,85,165/80 R 14,"3,385","3,385",,,,
Maruti,Swift Dzire,Vxi AT (Petrol),JKTyre,Tornado,Tubeless,85,165/80 R 14,"3,227","3,227",,,,
Maruti,Swift Dzire,Vxi AT (Petrol),JKTyre,Elanzo Touring,Tubeless,85,165/80 R 14,"3,385","3,385",,,,
Maruti,Swift Dzire,VDI (Diesel),JKTyre,Tornado,Tubeless,85,165/80 R 14,"3,227","3,227",,,,
Maruti,Swift Dzire,VDI (Diesel),JKTyre,Elanzo Touring,Tubeless,85,165/80 R 14,"3,385","3,385",,,,
Maruti,Swift Dzire,LXI (Petrol),JKTyre,Tornado,Tubeless,85,165/80 R 14,"3,227","3,227",,,,
Maruti,Swift Dzire,LXI (Petrol),JKTyre,Elanzo Touring,Tubeless,85,165/80 R 14,"3,385","3,385",,,,
Maruti,Swift Dzire,LXI Option (Petrol),JKTyre,Tornado,Tubeless,85,165/80 R 14,"3,227","3,227",,,,
Maruti,Swift Dzire,LXI Option (Petrol),JKTyre,Taximaxx,Tubeless,85,165/80 R 14,"3,385","3,385",,,,
Maruti,Swift Dzire,LXI Option (Petrol),JKTyre,Elanzo Touring,Tubeless,85,165/80 R 14,"3,385","3,385",,,,
Maruti,Swift Dzire,LXI Option (Petrol),JKTyre,UX Royale,Tubeless,85,165/80 R 14,"3,420","3,420",,,,
Maruti,Swift Dzire,LXI Option (Petrol),MRF,ZTX,Tubeless,85,165/80 R 14,"3,995","3,995",5,,,
Maruti,Swift Dzire,LXI Option (Petrol),MRF,ZV2K,Tubeless,85,165/80 R 14,"4,014","4,014",4,,,
Maruti,Swift Dzire,LXI Option (Petrol),MRF,ZLX,Tubeless,85,165/80 R 14,"4,038","4,038",4,,,
Maruti,Swift Dzire,LXI (Petrol),MRF,ZTX,Tubeless,85,165/80 R 14,"3,995","3,995",5,,,
Maruti,Swift Dzire,LXI (Petrol),MRF,ZV2K,Tubeless,85,165/80 R 14,"4,014","4,014",4,,,
Maruti,Swift Dzire,LXI (Petrol),MRF,ZLX,Tubeless,85,165/80 R 14,"4,038","4,038",4,,,
Maruti,Swift Dzire,VDI (Diesel),MRF,ZTX,Tubeless,85,165/80 R 14,"3,995","3,995",5,,,
Maruti,Swift Dzire,VDI (Diesel),MRF,ZV2K,Tubeless,85,165/80 R 14,"4,014","4,014",4,,,
Maruti,Swift Dzire,VDI (Diesel),MRF,ZLX,Tubeless,85,165/80 R 14,"4,038","4,038",4,,,
Maruti,Swift Dzire,Vxi AT (Petrol),MRF,ZTX,Tubeless,85,165/80 R 14,"3,995","3,995",5,,,
Maruti,Swift Dzire,Vxi AT (Petrol),MRF,ZV2K,Tubeless,85,165/80 R 14,"4,014","4,014",4,,,
Maruti,Swift Dzire,Vxi AT (Petrol),MRF,ZLX,Tubeless,85,165/80 R 14,"4,038","4,038",4,,,
Maruti,Swift Dzire,VXI (Petrol),MRF,ZTX,Tubeless,85,165/80 R 14,"3,995","3,995",5,,,
Maruti,Swift Dzire,VXI (Petrol),MRF,ZV2K,Tubeless,85,165/80 R 14,"4,014","4,014",4,,,
Maruti,Swift Dzire,VXI (Petrol),MRF,ZLX,Tubeless,85,165/80 R 14,"4,038","4,038",4,,,
Maruti,Swift Dzire,ZDI (Diesel),MRF,ZLO,Tubeless,88,185/70 R 14,"4,591","4,896",,,,
Maruti,Swift Dzire,ZDI (Diesel),MRF,ZVTV,Tubeless,88,185/65 R 15,"4,599","4,813",3.9,,,
Maruti,Swift Dzire,ZXI,MRF,ZLO,Tubeless,88,185/70 R 14,"4,591","4,896",,,,
Maruti,Swift Dzire,ZXI (Petrol) New,MRF,ZVTV,Tubeless,88,185/65 R 15,"4,599","4,813",3.9,,,
Maruti,Swift Dzire,ZXI (Petrol) New,Pirelli,Cinturato P6,Tubeless,88,185/65 R 15,"5,875","5,875",,,,
Maruti,Swift Dzire,ZXI,Pirelli,Cinturato P4,Tubeless,88,185/70 R 14,"5,350","5,350",,,,
Maruti,Swift Dzire,ZDI (Diesel),Pirelli,Cinturato P6,Tubeless,88,185/65 R 15,"5,875","5,875",,,,
Maruti,Swift Dzire,LXI Option (Petrol),UltraMile,UM 551,Tubeless,85,165/80 R 14,"4,045","4,045",3,,,
Maruti,Swift Dzire,LXI (Petrol),UltraMile,UM 551,Tubeless,85,165/80 R 14,"4,045","4,045",3,,,
Maruti,Swift Dzire,VDI (Diesel),UltraMile,UM 551,Tubeless,85,165/80 R 14,"4,045","4,045",3,,,
Maruti,Swift Dzire,Vxi AT (Petrol),UltraMile,UM 551,Tubeless,85,165/80 R 14,"4,045","4,045",3,,,
Maruti,Swift Dzire,VXI (Petrol),UltraMile,UM 551,Tubeless,85,165/80 R 14,"4,045","4,045",3,,,
Maruti,Swift Dzire,ZDI (Diesel),UltraMile,UM 551,Tubeless,88,185/70 R 14,"4,390","4,390",3,,,
Maruti,Swift Dzire,ZDI (Diesel),UltraMile,UM 551,Tubeless,88,185/65 R 15,"4,736","4,736",,,,
Maruti,Swift Dzire,ZXI,UltraMile,UM 551,Tubeless,88,185/70 R 14,"4,390","4,390",3,,,
Maruti,Swift Dzire,ZXI (Petrol) New,UltraMile,UM 551,Tubeless,88,185/65 R 15,"4,736","4,736",,,,
Maruti,Swift Dzire,ZXI (Petrol) New,Yokohama,Earth-1 E400,Tubeless,88,185/65 R 15,"4,845","4,845",,,,
Maruti,Swift Dzire,ZXI (Petrol) New,Yokohama,BluEarth AE50,Tubeless,88,185/65 R 15,"5,269","5,269",,,,
Maruti,Swift Dzire,ZXI (Petrol) New,Yokohama,BluEarth-GT AE51,Tubeless,88,185/65 R 15,"5,273","5,273",,,,
Maruti,Swift Dzire,ZXI,Yokohama,Earth-1 E400,Tubeless,88,185/70 R14,"4,345","4,345",,,,
Maruti,Swift Dzire,ZXI,Yokohama,BluEarth AE50,Tubeless,88,185/70 R14,"4,523","4,523",,,,
Maruti,Kizashi,CVT,Yokohama,DB E70B,Tubeless,93,215/55 R 17,"20,257","20,257",,,,
Maruti,Swift Dzire,ZXI (Diesel) New,Yokohama,Earth-1 E400,Tubeless,88,185/65 R 15,"4,845","4,845",,,,
Maruti,Kizashi,CVT,Yokohama,BluEarth AE50,Tubeless,94,215/55 R 17,"17,284","17,284",,,,
Maruti,Swift Dzire,ZXI (Diesel) New,Yokohama,BluEarth AE50,Tubeless,88,185/65 R 15,"5,269","5,269",,,,
Maruti,Swift Dzire,ZXI (Diesel) New,Yokohama,BluEarth-GT AE51,Tubeless,88,185/65 R 15,"5,273","5,273",,,,
Maruti,Swift Dzire,ZDI (Diesel),Yokohama,Earth-1 E400,Tubeless,88,185/70 R14,"4,345","4,345",,,,
Maruti,Swift Dzire,ZDI (Diesel),Yokohama,BluEarth AE50,Tubeless,88,185/70 R14,"4,523","4,523",,,,
Maruti,Swift Dzire,VXI (Petrol),Yokohama,Earth-1 E400,Tubeless,85,165/80 R 14,"3,748","3,748",3,,,
Maruti,Swift Dzire,Vxi AT (Petrol),Yokohama,Earth-1 E400,Tubeless,85,165/80 R 14,"3,748","3,748",,,,
Maruti,Swift Dzire,VDI (Diesel),Yokohama,Earth-1 E400,Tubeless,85,165/80 R 14,"3,748","3,748",,,,
Maruti,Swift Dzire,LXI (Petrol),Yokohama,Earth-1 E400,Tubeless,85,165/80 R 14,"3,748","3,748",,,,
Maruti,Swift Dzire,LXI Option (Petrol),Yokohama,Earth-1 E400,Tubeless,85,165/80 R 14,"3,748","3,748",,,,
Maruti,Swift Dzire,ZDI (Diesel),Michelin,Energy XM2,Tubeless,88,185/65 R 15,"6,540","6,540",4,,,
Maruti,Swift Dzire,ZXI,Michelin,Energy XM2,Tubeless,88,185/70 R 14,"5,170","5,170",,,,
Maruti,Swift Dzire,ZDI (Petrol) New,Michelin,Energy XM2,Tubeless,88,185/65 R 15,"6,540","6,540",4,,,
Maruti,Swift Dzire,ZXI,Maxxis,MAP3,Tubeless,88,185/70 R 14,"4,465","5,200",,,,
Maruti,Swift Dzire,ZDI (Diesel),Kumho,Ecowing KH27,Tubeless,88,185/65 R 15,"4,750","4,750",,,,
Maruti,Swift Dzire,ZXI,Kumho,Ecowing KH27,Tubeless,88,185/70 R 14,"3,800","3,800",,,,
Maruti,Swift Dzire,ZXI (Petrol) New,Kumho,Ecowing KH27,Tubeless,88,185/65 R 15,"4,750","4,750",,,,
Maruti,Swift  ,LDI (Diesel),Apollo,Amazer 4G Life,Tubeless,85,165/80 R 14,"3,490","4,319",4.5,,,
Maruti,Swift  ,LXI Option (Petrol),Apollo,Amazer 4G Life,Tubeless,85,165/80 R 14,"3,490","4,319",4.5,,,
Maruti,Swift  ,LXI (Petrol),Apollo,Amazer 4G Life,Tubeless,85,165/80 R 14,"3,490","4,319",4.5,,,
Maruti,Swift  ,VDI Windsong Limited Edition (Diesel),Apollo,Amazer 4G Life,Tubeless,85,165/80 R 14,"3,490","4,319",4.5,,,
Maruti,Swift  ,VDI (Diesel),Apollo,Amazer 4G Life,Tubeless,85,165/80 R 14,"3,490","4,319",4.5,,,
Maruti,Swift,VDI (Diesel),BridgeStone,Ecopia EP150,Tubeless,85,165/80 R 14,"4,150","4,150",5,,,
Maruti,Swift,VDI (Diesel),BridgeStone,B-Series B290,Tubeless,85,165/80 R 14,"4,250","4,250",3.7,,,
Maruti,Swift,VDI (Diesel),BridgeStone,Turanza T005,Tubeless,85,165/80 R 14,"4,272","4,272",3.8,,,
Maruti,Swift,VDI (Diesel),BridgeStone,S-Series S248,Tubeless,85,165/80 R 14,"4,300","4,300",5,,,
Maruti,Swift,VDI Windsong Limited Edition (Diesel),BridgeStone,Ecopia EP150,Tubeless,85,165/80 R 14,"4,150","4,150",5,,,
Maruti,Swift,VDI Windsong Limited Edition (Diesel),BridgeStone,B-Series B290,Tubeless,85,165/80 R 14,"4,250","4,250",3.7,,,
Maruti,Swift,VDI Windsong Limited Edition (Diesel),BridgeStone,Turanza T005,Tubeless,85,165/80 R 14,"4,272","4,272",3.8,,,
Maruti,Swift,VDI Windsong Limited Edition (Diesel),BridgeStone,S-Series S248,Tubeless,85,165/80 R 14,"4,300","4,300",5,,,
Maruti,Swift,LXI (Petrol),BridgeStone,Ecopia EP150,Tubeless,85,165/80 R 14,"4,150","4,150",5,,,
Maruti,Swift,LXI (Petrol),BridgeStone,B-Series B290,Tubeless,85,165/80 R 14,"4,250","4,250",3.7,,,
Maruti,Swift,LXI (Petrol),BridgeStone,Turanza T005,Tubeless,85,165/80 R 14,"4,272","4,272",3.8,,,
Maruti,Swift,LXI (Petrol),BridgeStone,S-Series S248,Tubeless,85,165/80 R 14,"4,300","4,300",5,,,
Maruti,Swift,LXI Option (Petrol),BridgeStone,Ecopia EP150,Tubeless,85,165/80 R 14,"4,150","4,150",5,,,
Maruti,Swift,LXI Option (Petrol),BridgeStone,B-Series B290,Tubeless,85,165/80 R 14,"4,250","4,250",3.7,,,
Maruti,Swift,LXI Option (Petrol),BridgeStone,Turanza T005,Tubeless,85,165/80 R 14,"4,272","4,272",3.8,,,
Maruti,Swift,LXI Option (Petrol),BridgeStone,S-Series S248,Tubeless,85,165/80 R 14,"4,300","4,300",5,,,
Maruti,Swift,LDI (Diesel),BridgeStone,Ecopia EP150,Tubeless,85,165/80 R 14,"4,150","4,150",5,,,
Maruti,Swift,LDI (Diesel),BridgeStone,B-Series B290,Tubeless,85,165/80 R 14,"4,250","4,250",3.7,,,
Maruti,Swift,LDI (Diesel),BridgeStone,Turanza T005,Tubeless,85,165/80 R 14,"4,272","4,272",3.8,,,
Maruti,Swift,LDI (Diesel),BridgeStone,S-Series S248,Tubeless,85,165/80 R 14,"4,300","4,300",5,,,
Maruti,Swift,LDI (Diesel),CEAT,Milage X3,Tubeless,85,165/80 R 14,"3,406","3,406",4,,,
Maruti,Swift,LDI (Diesel),CEAT,FuelSmart,Tubeless,85,165/80 R 14,"3,617","3,617",4.6,,,
Maruti,Swift,LXI Option (Petrol),CEAT,Milage X3,Tubeless,85,165/80 R 14,"3,406","3,406",4,,,
Maruti,Swift,LXI Option (Petrol),CEAT,FuelSmart,Tubeless,85,165/80 R 14,"3,617","3,617",4.6,,,
Maruti,Swift,LXI (Petrol),CEAT,Milage X3,Tubeless,85,165/80 R 14,"3,406","3,406",4,,,
Maruti,Swift,LXI (Petrol),CEAT,FuelSmart,Tubeless,85,165/80 R 14,"3,617","3,617",4.6,,,
Maruti,Swift,VDI Windsong Limited Edition (Diesel),CEAT,Milage X3,Tubeless,85,165/80 R 14,"3,406","3,406",4,,,
Maruti,Swift,VDI Windsong Limited Edition (Diesel),CEAT,FuelSmart,Tubeless,85,165/80 R 14,"3,617","3,617",4.6,,,
Maruti,Swift,VDI (Diesel),CEAT,Milage X3,Tubeless,85,165/80 R 14,"3,406","3,406",4,,,
Maruti,Swift,VDI (Diesel),CEAT,FuelSmart,Tubeless,85,165/80 R 14,"3,617","3,617",4.6,,,
Maruti,Swift,VDI (Diesel),Continental,Comfort Contact CC5,Tubeless,85,165/80 R 14,"4,086","4,086",3.9,,,
Maruti,Swift,VDI (Diesel),Continental,Comfort Contact CC6,Tubeless,85,165/80 R 14,"4,244","4,244",,,,
Maruti,Swift,LXI (Petrol),Continental,Comfort Contact CC5,Tubeless,85,165/80 R 14,"4,086","4,086",3.9,,,
Maruti,Swift,LXI (Petrol),Continental,Comfort Contact CC6,Tubeless,85,165/80 R 14,"4,244","4,244",,,,
Maruti,Swift,LXI Option (Petrol),Continental,Comfort Contact CC5,Tubeless,85,165/80 R 14,"4,086","4,086",3.9,,,
Maruti,Swift,LXI Option (Petrol),Continental,Comfort Contact CC6,Tubeless,85,165/80 R 14,"4,244","4,244",,,,
Maruti,Swift,VDI Windsong Limited Edition (Diesel),Continental,Comfort Contact CC5,Tubeless,85,165/80 R 14,"4,086","4,086",3.9,,,
Maruti,Swift,VDI Windsong Limited Edition (Diesel),Continental,Comfort Contact CC6,Tubeless,85,165/80 R 14,"4,244","4,244",,,,
Maruti,Swift,LDI (Diesel),Continental,Comfort Contact CC5,Tubeless,85,165/80 R 14,"4,086","4,086",3.9,,,
Maruti,Swift,LDI (Diesel),Continental,Comfort Contact CC6,Tubeless,85,165/80 R 14,"4,244","4,244",,,,
Maruti,Swift,LXI Option (Petrol),Falken,Sincera845,Tubeless,85,165/80 R 14,"4,184","4,184",,,,
Maruti,Swift,LDI (Diesel),Falken,Sincera845,Tubeless,85,165/80 R 14,"4,184","4,184",,,,
Maruti,Swift,LXI (Petrol),Falken,Sincera845,Tubeless,85,165/80 R 14,"4,184","4,184",,,,
Maruti,Swift,VDI Windsong Limited Edition (Diesel),Falken,Sincera845,Tubeless,85,165/80 R 14,"4,184","4,184",,,,
Maruti,Swift,VDI (Diesel),Falken,Sincera845,Tubeless,85,165/80 R 14,"4,184","4,184",,,,
Maruti,Swift,VDI (Diesel),Firestone,FR500,Tubeless,85,165/80 R 14,"3,135","3,135",,,,
Maruti,Swift,LDI (Diesel),Firestone,FR500,Tubeless,85,165/80 R 14,"3,135","3,135",,,,
Maruti,Swift,LXI (Petrol),Firestone,FR500,Tubeless,85,165/80 R 14,"3,135","3,135",,,,
Maruti,Swift,LXI Option (Petrol),Firestone,FR500,Tubeless,85,165/80 R 14,"3,135","3,135",,,,
Maruti,Swift,VDI Windsong Limited Edition (Diesel),Firestone,FR500,Tubeless,85,165/80 R 14,"3,135","3,135",,,,
Maruti,Swift ,LDI (Diesel),GoodYear,Assurance Duraplus 2,Tubeless,85,165/80 R 14,"3,025","3,025",4.2,,,
Maruti,Swift ,LDI (Diesel),GoodYear,Duraplus,Tubeless,85,165/80 R 14,"3,423","3,423",3,,,
Maruti,Swift ,LDI (Diesel),GoodYear,Assurance Duraplus,Tubeless,85,165/80 R 14,"3,464","3,464",,,,
Maruti,Swift ,LXI Option (Petrol),GoodYear,Assurance Duraplus 2,Tubeless,85,165/80 R 14,"3,025","3,025",4.2,,,
Maruti,Swift ,LXI Option (Petrol),GoodYear,Duraplus,Tubeless,85,165/80 R 14,"3,423","3,423",3,,,
Maruti,Swift ,LXI Option (Petrol),GoodYear,Assurance Duraplus,Tubeless,85,165/80 R 14,"3,464","3,464",,,,
Maruti,Swift ,LXI (Petrol),GoodYear,Assurance Duraplus 2,Tubeless,85,165/80 R 14,"3,025","3,025",4.2,,,
Maruti,Swift ,LXI (Petrol),GoodYear,Duraplus,Tubeless,85,165/80 R 14,"3,423","3,423",3,,,
Maruti,Swift ,LXI (Petrol),GoodYear,Assurance Duraplus,Tubeless,85,165/80 R 14,"3,464","3,464",,,,
Maruti,Swift ,VDI Windsong Limited Edition (Diesel),GoodYear,Assurance Duraplus 2,Tubeless,85,165/80 R 14,"3,025","3,025",4.2,,,
Maruti,Swift ,VDI Windsong Limited Edition (Diesel),GoodYear,Duraplus,Tubeless,85,165/80 R 14,"3,423","3,423",3,,,
Maruti,Swift ,VDI Windsong Limited Edition (Diesel),GoodYear,Assurance Duraplus,Tubeless,85,165/80 R 14,"3,464","3,464",,,,
Maruti,Swift ,VDI (Diesel),GoodYear,Assurance Duraplus 2,Tubeless,85,165/80 R 14,"3,025","3,025",4.2,,,
Maruti,Swift ,VDI (Diesel),GoodYear,Duraplus,Tubeless,85,165/80 R 14,"3,423","3,423",3,,,
Maruti,Swift ,VDI (Diesel),GoodYear,Assurance Duraplus,Tubeless,85,165/80 R 14,"3,464","3,464",,,,
Maruti,Swift,LXI Option (Petrol),JKTyre,Tornado,Tubeless,85,165/80 R 14,"3,227","3,227",,,,
Maruti,Swift,LXI Option (Petrol),JKTyre,Taximaxx,Tubeless,85,165/80 R 14,"3,385","3,385",,,,
Maruti,Swift,LXI Option (Petrol),JKTyre,Elanzo Touring,Tubeless,85,165/80 R 14,"3,385","3,385",,,,
Maruti,Swift,LXI Option (Petrol),JKTyre,UX Royale,Tubeless,85,165/80 R 14,"3,420","3,420",,,,
Maruti,Swift,LXI (Petrol),JKTyre,Tornado,Tubeless,85,165/80 R 14,"3,227","3,227",,,,
Maruti,Swift,LXI (Petrol),JKTyre,Taximaxx,Tubeless,85,165/80 R 14,"3,385","3,385",,,,
Maruti,Swift,LXI (Petrol),JKTyre,Elanzo Touring,Tubeless,85,165/80 R 14,"3,385","3,385",,,,
Maruti,Swift,LXI (Petrol),JKTyre,UX Royale,Tubeless,85,165/80 R 14,"3,420","3,420",,,,
Maruti,Swift,LDI (Diesel),JKTyre,Tornado,Tubeless,85,165/80 R 14,"3,227","3,227",,,,
Maruti,Swift,LDI (Diesel),JKTyre,Taximaxx,Tubeless,85,165/80 R 14,"3,385","3,385",,,,
Maruti,Swift,LDI (Diesel),JKTyre,Elanzo Touring,Tubeless,85,165/80 R 14,"3,385","3,385",,,,
Maruti,Swift,LDI (Diesel),JKTyre,UX Royale,Tubeless,85,165/80 R 14,"3,420","3,420",,,,
Maruti,Swift,VDI Windsong Limited Edition (Diesel),JKTyre,Tornado,Tubeless,85,165/80 R 14,"3,227","3,227",,,,
Maruti,Swift,VDI Windsong Limited Edition (Diesel),JKTyre,Taximaxx,Tubeless,85,165/80 R 14,"3,385","3,385",,,,
Maruti,Swift,VDI Windsong Limited Edition (Diesel),JKTyre,Elanzo Touring,Tubeless,85,165/80 R 14,"3,385","3,385",,,,
Maruti,Swift,VDI Windsong Limited Edition (Diesel),JKTyre,UX Royale,Tubeless,85,165/80 R 14,"3,420","3,420",,,,
Maruti,Swift,VDI (Diesel),JKTyre,Tornado,Tubeless,85,165/80 R 14,"3,227","3,227",,,,
Maruti,Swift,VDI (Diesel),JKTyre,Taximaxx,Tubeless,85,165/80 R 14,"3,385","3,385",,,,
Maruti,Swift,VDI (Diesel),JKTyre,Elanzo Touring,Tubeless,85,165/80 R 14,"3,385","3,385",,,,
Maruti,Swift,VDI (Diesel),JKTyre,UX Royale,Tubeless,85,165/80 R 14,"3,420","3,420",,,,
Maruti,Swift ,LDI (Diesel),MRF,ZTX,Tubeless,85,165/80 R 14,"3,995","3,995",5,,,
Maruti,Swift ,LDI (Diesel),MRF,ZV2K,Tubeless,85,165/80 R 14,"4,014","4,014",4,,,
Maruti,Swift ,LDI (Diesel),MRF,ZLX,Tubeless,85,165/80 R 14,"4,038","4,038",4,,,
Maruti,Swift ,LXI (Petrol),MRF,ZTX,Tubeless,85,165/80 R 14,"3,995","3,995",5,,,
Maruti,Swift ,LXI (Petrol),MRF,ZV2K,Tubeless,85,165/80 R 14,"4,014","4,014",4,,,
Maruti,Swift ,LXI (Petrol),MRF,ZLX,Tubeless,85,165/80 R 14,"4,038","4,038",4,,,
Maruti,Swift ,LXI Option (Petrol),MRF,ZTX,Tubeless,85,165/80 R 14,"3,995","3,995",5,,,
Maruti,Swift ,LXI Option (Petrol),MRF,ZV2K,Tubeless,85,165/80 R 14,"4,014","4,014",4,,,
Maruti,Swift ,LXI Option (Petrol),MRF,ZLX,Tubeless,85,165/80 R 14,"4,038","4,038",4,,,
Maruti,Swift ,VDI Windsong Limited Edition (Diesel),MRF,ZTX,Tubeless,85,165/80 R 14,"3,995","3,995",5,,,
Maruti,Swift ,VDI Windsong Limited Edition (Diesel),MRF,ZV2K,Tubeless,85,165/80 R 14,"4,014","4,014",4,,,
Maruti,Swift ,VDI Windsong Limited Edition (Diesel),MRF,ZLX,Tubeless,85,165/80 R 14,"4,038","4,038",4,,,
Maruti,Swift ,VDI (Diesel),MRF,ZTX,Tubeless,85,165/80 R 14,"3,995","3,995",5,,,
Maruti,Swift ,VDI (Diesel),MRF,ZV2K,Tubeless,85,165/80 R 14,"4,014","4,014",4,,,
Maruti,Swift ,VDI (Diesel),MRF,ZLX,Tubeless,85,165/80 R 14,"4,038","4,038",4,,,
Maruti,Swift,LDI (Diesel),UltraMile,UM 551,Tubeless,85,165/80 R 14,"4,045","4,045",3,,,
Maruti,Swift,LXI Option (Petrol),UltraMile,UM 551,Tubeless,85,165/80 R 14,"4,045","4,045",3,,,
Maruti,Swift,LXI (Petrol),UltraMile,UM 551,Tubeless,85,165/80 R 14,"4,045","4,045",3,,,
Maruti,Swift,VDI Windsong Limited Edition (Diesel),UltraMile,UM 551,Tubeless,85,165/80 R 14,"4,045","4,045",3,,,
Maruti,Swift,VDI (Diesel),UltraMile,UM 551,Tubeless,85,165/80 R 14,"4,045","4,045",3,,,
Maruti,Swift ,LDI (Diesel),Yokohama,Earth-1 E400,Tubeless,85,165/80 R 14,"3,748","3,748",3,,,
Maruti,Swift ,LXI Option (Petrol),Yokohama,Earth-1 E400,Tubeless,85,165/80 R 14,"3,748","3,748",3,,,
Maruti,Swift ,LXI (Petrol),Yokohama,Earth-1 E400,Tubeless,85,165/80 R 14,"3,748","3,748",3,,,
Maruti,Swift ,VDI Windsong Limited Edition (Diesel),Yokohama,Earth-1 E400,Tubeless,85,165/80 R 14,"3,748","3,748",3,,,
Maruti,Swift ,VDI (Diesel),Yokohama,Earth-1 E400,Tubeless,85,165/80 R 14,"3,748","3,748",3,,,
Maruti,Alto,Green LX,Apollo,Amazer 4G Life,Tubeless,74,145/80 R 12,"2,946","3,455",4.5,,,
Maruti,Alto,Green LX,Apollo,Amazer 4G Life,Tubeless,74,145/80 R 12,"2,851","2,851",,,,
Maruti,Alto,Green LX,Apollo,Amazer 4G Life,Tubeless,74,145/80 R 12,"2,857","2,857",5,,,
Maruti,Alto,Green LX,Apollo,Amazer XL,Tubeless,74,145/80 R 12,"2,857","2,857",,,,
Maruti,Alto,Green LX,Apollo,Amazer 4G  ,Tubeless,74,145/80 R 12,"2,946","2,946",,,,
Maruti,Alto,Green LXi (CNG),Apollo,Amazer 4G Life,Tubeless,74,145/80 R 12,"2,851","2,851",,,,
Maruti,Alto,Green LXi (CNG),Apollo,Amazer 4G Life,Tubeless,74,145/80 R 12,"2,857","2,857",5,,,
Maruti,Alto,Green LXi (CNG),Apollo,Amazer XL,Tubeless,74,145/80 R 12,"2,857","2,857",,,,
Maruti,Alto,Green LXi (CNG),Apollo,Amazer 4G  ,Tubeless,74,145/80 R 12,"2,946","2,946",,,,
Maruti,Alto,Green Std,Apollo,Amazer 4G Life,Tubeless,74,145/80 R 12,"2,851","2,851",,,,
Maruti,Alto,Green Std,Apollo,Amazer 4G Life,Tubeless,74,145/80 R 12,"2,857","2,857",5,,,
Maruti,Alto,Green Std,Apollo,Amazer XL,Tubeless,74,145/80 R 12,"2,857","2,857",,,,
Maruti,Alto,Green Std,Apollo,Amazer 4G  ,Tubeless,74,145/80 R 12,"2,946","2,946",,,,
Maruti,Alto,LX,Apollo,Amazer 4G Life,Tubeless,74,145/80 R 12,"2,851","2,851",,,,
Maruti,Alto,LX,Apollo,Amazer 4G Life,Tubeless,74,145/80 R 12,"2,857","2,857",5,,,
Maruti,Alto,LX,Apollo,Amazer XL,Tubeless,74,145/80 R 12,"2,857","2,857",,,,
Maruti,Alto,LX,Apollo,Amazer 4G  ,Tubeless,74,145/80 R 12,"2,946","2,946",,,,
Maruti,Alto,LXi,Apollo,Amazer 4G Life,Tubeless,74,145/80 R 12,"2,851","2,851",,,,
Maruti,Alto,LXi,Apollo,Amazer 4G Life,Tubeless,74,145/80 R 12,"2,857","2,857",5,,,
Maruti,Alto,LXi,Apollo,Amazer XL,Tubeless,74,145/80 R 12,"2,857","2,857",,,,
Maruti,Alto,LXi,Apollo,Amazer 4G  ,Tubeless,74,145/80 R 12,"2,946","2,946",,,,
Maruti,Alto,Std,Apollo,Amazer 4G Life,Tubeless,74,145/80 R 12,"2,851","2,851",,,,
Maruti,Alto,Std,Apollo,Amazer 4G Life,Tubeless,74,145/80 R 12,"2,857","2,857",5,,,
Maruti,Alto,Std,Apollo,Amazer XL,Tubeless,74,145/80 R 12,"2,857","2,857",,,,
Maruti,Alto,Std,Apollo,Amazer 4G  ,Tubeless,74,145/80 R 12,"2,946","2,946",,,,
Maruti,Alto,658 JDM,Apollo,Amazer 4G Life,Tubeless,75,145/80 R 13,"2,781","2,781",4,,,
Maruti,Alto,800 Lx CNG,Apollo,Amazer 4G Life,Tubeless,74,145/80 R 12,"2,851","2,851",,,,
Maruti,Alto,800 Lx CNG,Apollo,Amazer 4G Life,Tubeless,74,145/80 R 12,"2,857","2,857",5,,,
Maruti,Alto,800 Lx CNG,Apollo,Amazer XL,Tubeless,74,145/80 R 12,"2,857","2,857",,,,
Maruti,Alto,800 Lx CNG,Apollo,Amazer 4G  ,Tubeless,74,145/80 R 12,"2,946","2,946",,,,
Maruti,Alto,800 Lxi Airbag,Apollo,Amazer 4G Life,Tubeless,74,145/80 R 12,"2,851","2,851",,,,
Maruti,Alto,800 Lxi Airbag,Apollo,Amazer 4G Life,Tubeless,74,145/80 R 12,"2,857","2,857",5,,,
Maruti,Alto,800 Lxi Airbag,Apollo,Amazer XL,Tubeless,74,145/80 R 12,"2,857","2,857",,,,
Maruti,Alto,800 Lxi Airbag,Apollo,Amazer 4G  ,Tubeless,74,145/80 R 12,"2,946","2,946",,,,
Maruti,Alto,800 Lxi CNG,Apollo,Amazer 4G Life,Tubeless,74,145/80 R 12,"2,851","2,851",,,,
Maruti,Alto,800 Lxi CNG,Apollo,Amazer 4G Life,Tubeless,74,145/80 R 12,"2,857","2,857",5,,,
Maruti,Alto,800 Lxi CNG,Apollo,Amazer XL,Tubeless,74,145/80 R 12,"2,857","2,857",,,,
Maruti,Alto,800 Lxi CNG,Apollo,Amazer 4G  ,Tubeless,74,145/80 R 12,"2,946","2,946",,,,
Maruti,Alto,800 Std CNG,Apollo,Amazer 4G Life,Tubeless,74,145/80 R 12,"2,851","2,851",,,,
Maruti,Alto,800 Std CNG,Apollo,Amazer 4G Life,Tubeless,74,145/80 R 12,"2,857","2,857",5,,,
Maruti,Alto,800 Std CNG,Apollo,Amazer XL,Tubeless,74,145/80 R 12,"2,857","2,857",,,,
Maruti,Alto,800 Std CNG,Apollo,Amazer 4G  ,Tubeless,74,145/80 R 12,"2,946","2,946",,,,
Maruti,Alto,800 VXI,Apollo,Amazer 4G Life,Tubeless,74,145/80 R 12,"2,851","2,851",,,,
Maruti,Alto,800 VXI,Apollo,Amazer 4G Life,Tubeless,74,145/80 R 12,"2,857","2,857",5,,,
Maruti,Alto,800 VXI,Apollo,Amazer XL,Tubeless,74,145/80 R 12,"2,857","2,857",,,,
Maruti,Alto,800 VXI,Apollo,Amazer 4G  ,Tubeless,74,145/80 R 12,"2,946","2,946",,,,
Maruti,Alto,800 VXI Airbag,Apollo,Amazer 4G Life,Tubeless,74,145/80 R 12,"2,851","2,851",,,,
Maruti,Alto,800 VXI Airbag,Apollo,Amazer 4G Life,Tubeless,74,145/80 R 12,"2,857","2,857",5,,,
Maruti,Alto,800 VXI Airbag,Apollo,Amazer XL,Tubeless,74,145/80 R 12,"2,857","2,857",,,,
Maruti,Alto,800 VXI Airbag,Apollo,Amazer 4G  ,Tubeless,74,145/80 R 12,"2,946","2,946",,,,
Maruti,Alto,800 VXI Airbag,BridgeStone,B-Series B290,Tubeless,74,145/80 R 12,"3,000","3,000",4.7,,,
Maruti,Alto,800 VXI Airbag,BridgeStone,S-Series S248,Tubeless,74,145/80 R 12,"3,150","3,150",5,,,
Maruti,Alto,800 VXI Airbag,BridgeStone,Turanza ER60,Tubeless,74,145/80 R 12,"3,250","3,250",4.4,,,
Maruti,Alto,800 VXI ,BridgeStone,B-Series B290,Tubeless,74,145/80 R 12,"3,000","3,000",4.7,,,
Maruti,Alto,800 VXI ,BridgeStone,S-Series S248,Tubeless,74,145/80 R 12,"3,150","3,150",5,,,
Maruti,Alto,800 VXI ,BridgeStone,Turanza ER60,Tubeless,74,145/80 R 12,"3,250","3,250",4.4,,,
Maruti,Alto,800 Std CNG,BridgeStone,B-Series B290,Tubeless,74,145/80 R 12,"3,000","3,000",4.7,,,
Maruti,Alto,800 Std CNG,BridgeStone,S-Series S248,Tubeless,74,145/80 R 12,"3,150","3,150",5,,,
Maruti,Alto,800 Std CNG,BridgeStone,Turanza ER60,Tubeless,74,145/80 R 12,"3,250","3,250",4.4,,,
Maruti,Alto,800 Lxi CNG,BridgeStone,B-Series B290,Tubeless,74,145/80 R 12,"3,000","3,000",4.7,,,
Maruti,Alto,800 Lxi CNG,BridgeStone,S-Series S248,Tubeless,74,145/80 R 12,"3,150","3,150",5,,,
Maruti,Alto,800 Lxi CNG,BridgeStone,Turanza ER60,Tubeless,74,145/80 R 12,"3,250","3,250",4.4,,,
Maruti,Alto,800 Lxi Airbag,BridgeStone,B-Series B290,Tubeless,74,145/80 R 12,"3,000","3,000",4.7,,,
Maruti,Alto,800 Lxi Airbag,BridgeStone,S-Series S248,Tubeless,74,145/80 R 12,"3,150","3,150",5,,,
Maruti,Alto,800 Lxi Airbag,BridgeStone,Turanza ER60,Tubeless,74,145/80 R 12,"3,250","3,250",4.4,,,
Maruti,Alto,800 Lx CNG,BridgeStone,B-Series B290,Tubeless,74,145/80 R 12,"3,000","3,000",4.7,,,
Maruti,Alto,800 Lx CNG,BridgeStone,S-Series S248,Tubeless,74,145/80 R 12,"3,150","3,150",5,,,
Maruti,Alto,800 Lx CNG,BridgeStone,Turanza ER60,Tubeless,74,145/80 R 12,"3,250","3,250",4.4,,,
Maruti,Alto,Std,BridgeStone,B-Series B290,Tubeless,74,145/80 R 12,"3,000","3,000",4.7,,,
Maruti,Alto,Std,BridgeStone,S-Series S248,Tubeless,74,145/80 R 12,"3,150","3,150",5,,,
Maruti,Alto,Std,BridgeStone,Turanza ER60,Tubeless,74,145/80 R 12,"3,250","3,250",4.4,,,
Maruti,Alto,658 JDM,BridgeStone,B-Series B290,Tubeless,75,145/80 R 13,"3,400","3,400",4.5,,,
Maruti,Alto,LXi,BridgeStone,B-Series B290,Tubeless,74,145/80 R 12,"3,000","3,000",4.7,,,
Maruti,Alto,LXi,BridgeStone,S-Series S248,Tubeless,74,145/80 R 12,"3,150","3,150",5,,,
Maruti,Alto,LXi,BridgeStone,Turanza ER60,Tubeless,74,145/80 R 12,"3,250","3,250",4.4,,,
Maruti,Alto,LX,BridgeStone,B-Series B290,Tubeless,74,145/80 R 12,"3,000","3,000",4.7,,,
Maruti,Alto,LX,BridgeStone,S-Series S248,Tubeless,74,145/80 R 12,"3,150","3,150",5,,,
Maruti,Alto,LX,BridgeStone,Turanza ER60,Tubeless,74,145/80 R 12,"3,250","3,250",4.4,,,
Maruti,Alto,Green Std,BridgeStone,B-Series B290,Tubeless,74,145/80 R 12,"3,000","3,000",4.7,,,
Maruti,Alto,Green Std,BridgeStone,S-Series S248,Tubeless,74,145/80 R 12,"3,150","3,150",5,,,
Maruti,Alto,Green Std,BridgeStone,Turanza ER60,Tubeless,74,145/80 R 12,"3,250","3,250",4.4,,,
Maruti,Alto,Green LXi (CNG),BridgeStone,B-Series B290,Tubeless,74,145/80 R 12,"3,000","3,000",4.7,,,
Maruti,Alto,Green LXi (CNG),BridgeStone,S-Series S248,Tubeless,74,145/80 R 12,"3,150","3,150",5,,,
Maruti,Alto,Green LXi (CNG),BridgeStone,Turanza ER60,Tubeless,74,145/80 R 12,"3,250","3,250",4.4,,,
Maruti,Alto,Green LX,BridgeStone,B-Series B290,Tubeless,74,145/80 R 12,"3,000","3,000",4.7,,,
Maruti,Alto,Green LX,BridgeStone,S-Series S248,Tubeless,74,145/80 R 12,"3,150","3,150",5,,,
Maruti,Alto,Green LX,BridgeStone,Turanza ER60,Tubeless,74,145/80 R 12,"3,250","3,250",4.4,,,
Maruti,Alto,Green LX,CEAT,Milage X3,Tubeless,74,145/80 R 12,"2,477","2,477",2.8,,,
Maruti,Alto,Green LX,CEAT,FuelSmart,Tubeless,74,145/80 R 12,"2,583","2,583",4.5,,,
Maruti,Alto,Green LX,CEAT,Milage X3,Tubeless,69,145/80 R 12,"2,615","2,615",,,,
Maruti,Alto,Green LXi (CNG),CEAT,Milage X3,Tubeless,74,145/80 R 12,"2,477","2,477",2.8,,,
Maruti,Alto,Green LXi (CNG),CEAT,FuelSmart,Tubeless,74,145/80 R 12,"2,583","2,583",4.5,,,
Maruti,Alto,Green LXi (CNG),CEAT,Milage X3,Tubeless,69,145/80 R 12,"2,615","2,615",,,,
Maruti,Alto,Green Std,CEAT,Milage X3,Tubeless,74,145/80 R 12,"2,477","2,477",2.8,,,
Maruti,Alto,Green Std,CEAT,FuelSmart,Tubeless,74,145/80 R 12,"2,583","2,583",4.5,,,
Maruti,Alto,Green Std,CEAT,Milage X3,Tubeless,69,145/80 R 12,"2,615","2,615",,,,
Maruti,Alto,LX,CEAT,Milage X3,Tubeless,74,145/80 R 12,"2,477","2,477",2.8,,,
Maruti,Alto,LX,CEAT,FuelSmart,Tubeless,74,145/80 R 12,"2,583","2,583",4.5,,,
Maruti,Alto,LX,CEAT,Milage X3,Tubeless,69,145/80 R 12,"2,615","2,615",,,,
Maruti,Alto,LXi,CEAT,Milage X3,Tubeless,74,145/80 R 12,"2,477","2,477",2.8,,,
Maruti,Alto,LXi,CEAT,FuelSmart,Tubeless,74,145/80 R 12,"2,583","2,583",4.5,,,
Maruti,Alto,LXi,CEAT,Milage X3,Tubeless,69,145/80 R 12,"2,615","2,615",,,,
Maruti,Alto,658 JDM,CEAT,Milage X3,Tubeless,75,145/80 R 13,"2,773","2,773",3.7,,,
Maruti,Alto,Std,CEAT,Milage X3,Tubeless,74,145/80 R 12,"2,477","2,477",2.8,,,
Maruti,Alto,Std,CEAT,FuelSmart,Tubeless,74,145/80 R 12,"2,583","2,583",4.5,,,
Maruti,Alto,Std,CEAT,Milage X3,Tubeless,69,145/80 R 12,"2,615","2,615",,,,
Maruti,Alto,800 Lx CNG,CEAT,Milage X3,Tubeless,74,145/80 R 12,"2,477","2,477",2.8,,,
Maruti,Alto,800 Lx CNG,CEAT,FuelSmart,Tubeless,74,145/80 R 12,"2,583","2,583",4.5,,,
Maruti,Alto,800 Lx CNG,CEAT,Milage X3,Tubeless,69,145/80 R 12,"2,615","2,615",,,,
Maruti,Alto,800 Lxi Airbag,CEAT,Milage X3,Tubeless,74,145/80 R 12,"2,477","2,477",2.8,,,
Maruti,Alto,800 Lxi Airbag,CEAT,FuelSmart,Tubeless,74,145/80 R 12,"2,583","2,583",4.5,,,
Maruti,Alto,800 Lxi Airbag,CEAT,Milage X3,Tubeless,69,145/80 R 12,"2,615","2,615",,,,
Maruti,Alto,800 Lxi CNG,CEAT,Milage X3,Tubeless,74,145/80 R 12,"2,477","2,477",2.8,,,
Maruti,Alto,800 Lxi CNG,CEAT,FuelSmart,Tubeless,74,145/80 R 12,"2,583","2,583",4.5,,,
Maruti,Alto,800 Lxi CNG,CEAT,Milage X3,Tubeless,69,145/80 R 12,"2,615","2,615",,,,
Maruti,Alto,800 Std CNG,CEAT,Milage X3,Tubeless,74,145/80 R 12,"2,477","2,477",2.8,,,
Maruti,Alto,800 Std CNG,CEAT,FuelSmart,Tubeless,74,145/80 R 12,"2,583","2,583",4.5,,,
Maruti,Alto,800 Std CNG,CEAT,Milage X3,Tubeless,69,145/80 R 12,"2,615","2,615",,,,
Maruti,Alto,800 VXI,CEAT,Milage X3,Tubeless,74,145/80 R 12,"2,477","2,477",2.8,,,
Maruti,Alto,800 VXI,CEAT,FuelSmart,Tubeless,74,145/80 R 12,"2,583","2,583",4.5,,,
Maruti,Alto,800 VXI,CEAT,Milage X3,Tubeless,69,145/80 R 12,"2,615","2,615",,,,
Maruti,Alto,800 VXI Airbag,CEAT,Milage X3,Tubeless,74,145/80 R 12,"2,477","2,477",2.8,,,
Maruti,Alto,800 VXI Airbag,CEAT,FuelSmart,Tubeless,74,145/80 R 12,"2,583","2,583",4.5,,,
Maruti,Alto,800 VXI Airbag,CEAT,Milage X3,Tubeless,69,145/80 R 12,"2,615","2,615",,,,
Maruti,Alto,800 VXI,Falken,Sincera845,Tubeless,74,145/80 R 12,"2,913","2,913",,,,
Maruti,Alto,800 VXI Airbag,Falken,Sincera845,Tubeless,74,145/80 R 12,"2,913","2,913",,,,
Maruti,Alto,800 Std CNG,Falken,Sincera845,Tubeless,74,145/80 R 12,"2,913","2,913",,,,
Maruti,Alto,800 Lxi CNG,Falken,Sincera845,Tubeless,74,145/80 R 12,"2,913","2,913",,,,
Maruti,Alto,800 Lxi Airbag,Falken,Sincera845,Tubeless,74,145/80 R 12,"2,913","2,913",,,,
Maruti,Alto,800 Lx CNG,Falken,Sincera845,Tubeless,74,145/80 R 12,"2,913","2,913",,,,
Maruti,Alto,Std,Falken,Sincera845,Tubeless,74,145/80 R 12,"2,913","2,913",,,,
Maruti,Alto,LXi,Falken,Sincera845,Tubeless,74,145/80 R 12,"2,913","2,913",,,,
Maruti,Alto,LX,Falken,Sincera845,Tubeless,74,145/80 R 12,"2,913","2,913",,,,
Maruti,Alto,Green Std,Falken,Sincera845,Tubeless,74,145/80 R 12,"2,913","2,913",,,,
Maruti,Alto,Green LXi (CNG),Falken,Sincera845,Tubeless,74,145/80 R 12,"2,913","2,913",,,,
Maruti,Alto,Green LX,Falken,Sincera845,Tubeless,74,145/80 R 12,"2,913","2,913",,,,
Maruti,Alto,Green LX,Firestone,FR500,Tubeless,74,145/80 R 12,"2,328","2,328",,,,
Maruti,Alto,Green LXi (CNG),Firestone,FR500,Tubeless,74,145/80 R 12,"2,328","2,328",,,,
Maruti,Alto,Green Std,Firestone,FR500,Tubeless,74,145/80 R 12,"2,328","2,328",,,,
Maruti,Alto,LX,Firestone,FR500,Tubeless,74,145/80 R 12,"2,328","2,328",,,,
Maruti,Alto,LXi,Firestone,FR500,Tubeless,74,145/80 R 12,"2,328","2,328",,,,
Maruti,Alto,Std,Firestone,FR500,Tubeless,74,145/80 R 12,"2,328","2,328",,,,
Maruti,Alto,658 JDM,Firestone,FR500,Tubeless,74,145/80 R 13,"2,623","2,623",,,,
Maruti,Alto,800 Lx CNG,Firestone,FR500,Tubeless,74,145/80 R 12,"2,328","2,328",,,,
Maruti,Alto,800 Lxi Airbag,Firestone,FR500,Tubeless,74,145/80 R 12,"2,328","2,328",,,,
Maruti,Alto,800 Std CNG,Firestone,FR500,Tubeless,74,145/80 R 12,"2,328","2,328",,,,
Maruti,Alto,800 VXI,Firestone,FR500,Tubeless,74,145/80 R 12,"2,328","2,328",,,,
Maruti,Alto,800 VXI Airbag,Firestone,FR500,Tubeless,74,145/80 R 12,"2,328","2,328",,,,
Maruti,Alto,800 VXI,GoodYear,Ducaro Hi-Miler,Tubeless,74,145/80 R 12,"2,465","2,465",4.5,,,
Maruti,Alto,800 VXI,GoodYear,Ducaro Hi-Miler,Tube,74,145/80 R 12,"2,773","2,773",5,,,
Maruti,Alto,800 VXI Airbag,GoodYear,Ducaro Hi-Miler,Tubeless,74,145/80 R 12,"2,465","2,465",4.5,,,
Maruti,Alto,800 VXI Airbag,GoodYear,Ducaro Hi-Miler,Tube,74,145/80 R 12,"2,773","2,773",5,,,
Maruti,Alto,800 Std CNG,GoodYear,Ducaro Hi-Miler,Tubeless,74,145/80 R 12,"2,465","2,465",4.5,,,
Maruti,Alto,800 Std CNG,GoodYear,Ducaro Hi-Miler,Tube,74,145/80 R 12,"2,773","2,773",5,,,
Maruti,Alto,800 Lxi CNG,GoodYear,Ducaro Hi-Miler,Tubeless,74,145/80 R 12,"2,465","2,465",4.5,,,
Maruti,Alto,800 Lxi CNG,GoodYear,Ducaro Hi-Miler,Tube,74,145/80 R 12,"2,773","2,773",5,,,
Maruti,Alto,800 Lxi Airbag,GoodYear,Ducaro Hi-Miler,Tubeless,74,145/80 R 12,"2,465","2,465",4.5,,,
Maruti,Alto,800 Lxi Airbag,GoodYear,Ducaro Hi-Miler,Tube,74,145/80 R 12,"2,773","2,773",5,,,
Maruti,Alto,800 Lx CNG,GoodYear,Ducaro Hi-Miler,Tubeless,74,145/80 R 12,"2,465","2,465",4.5,,,
Maruti,Alto,800 Lx CNG,GoodYear,Ducaro Hi-Miler,Tube,74,145/80 R 12,"2,773","2,773",5,,,
Maruti,Alto,658 JDM,GoodYear,Ducaro Hi-Miler,Tubeless,75,145/80 R 13,"2,781","2,781",5,,,
Maruti,Alto,658 JDM,GoodYear,Ducaro Hi-Miler,Tubeless,75,145/80 R 13,"2,826","2,826",,,,
Maruti,Alto,Green LX,GoodYear,Ducaro Hi-Miler,Tubeless,74,145/80 R 12,"2,465","2,465",4.5,,,
Maruti,Alto,Green LX,GoodYear,Ducaro Hi-Miler,Tube,74,145/80 R 12,"2,773","2,773",5,,,
Maruti,Alto,Green LX,GoodYear,Ducaro Hi-Miler,Tubeless,74,145/80 R 12,"2,465","2,465",4.5,,,
Maruti,Alto,Green LX,GoodYear,Ducaro Hi-Miler,Tube,74,145/80 R 12,"2,773","2,773",5,,,
Maruti,Alto,Green LXi (CNG),GoodYear,Ducaro Hi-Miler,Tubeless,74,145/80 R 12,"2,465","2,465",4.5,,,
Maruti,Alto,Green LXi (CNG),GoodYear,Ducaro Hi-Miler,Tube,74,145/80 R 12,"2,773","2,773",5,,,
Maruti,Alto,Green Std,GoodYear,Ducaro Hi-Miler,Tubeless,74,145/80 R 12,"2,465","2,465",4.5,,,
Maruti,Alto,Green Std,GoodYear,Ducaro Hi-Miler,Tube,74,145/80 R 12,"2,773","2,773",5,,,
Maruti,Alto,LX,GoodYear,Ducaro Hi-Miler,Tubeless,74,145/80 R 12,"2,465","2,465",4.5,,,
Maruti,Alto,LX,GoodYear,Ducaro Hi-Miler,Tube,74,145/80 R 12,"2,773","2,773",5,,,
Maruti,Alto,LXi,GoodYear,Ducaro Hi-Miler,Tubeless,74,145/80 R 12,"2,465","2,465",4.5,,,
Maruti,Alto,LXi,GoodYear,Ducaro Hi-Miler,Tube,74,145/80 R 12,"2,773","2,773",5,,,
Maruti,Alto,Std,GoodYear,Ducaro Hi-Miler,Tubeless,74,145/80 R 12,"2,465","2,465",4.5,,,
Maruti,Alto,Std,GoodYear,Ducaro Hi-Miler,Tube,74,145/80 R 12,"2,773","2,773",5,,,
Maruti,Alto,Green LXi (CNG),Hankook,Optimo K715,Tubeless,74,145/80 R 12,"3,181","3,181",,,,
Maruti,Alto,Green LX,Hankook,Optimo K715,Tubeless,74,145/80 R 12,"3,181","3,181",,,,
Maruti,Alto,Green Std,Hankook,Optimo K715,Tubeless,74,145/80 R 12,"3,181","3,181",,,,
Maruti,Alto,LX,Hankook,Optimo K715,Tubeless,74,145/80 R 12,"3,181","3,181",,,,
Maruti,Alto,LXi,Hankook,Optimo K715,Tubeless,74,145/80 R 12,"3,181","3,181",,,,
Maruti,Alto,Std,Hankook,Optimo K715,Tubeless,74,145/80 R 12,"3,181","3,181",,,,
Maruti,Alto,800 Lx CNG,Hankook,Optimo K715,Tubeless,74,145/80 R 12,"3,181","3,181",,,,
Maruti,Alto,800 Lxi Airbag,Hankook,Optimo K715,Tubeless,74,145/80 R 12,"3,181","3,181",,,,
Maruti,Alto,800 Lxi CNG,Hankook,Optimo K715,Tubeless,74,145/80 R 12,"3,181","3,181",,,,
Maruti,Alto,800 Std CNG,Hankook,Optimo K715,Tubeless,74,145/80 R 12,"3,181","3,181",,,,
Maruti,Alto,800 VXI,Hankook,Optimo K715,Tubeless,74,145/80 R 12,"3,181","3,181",,,,
Maruti,Alto,800 VXI Airbag,Hankook,Optimo K715,Tubeless,74,145/80 R 12,"3,181","3,181",,,,
Maruti,Alto,800 VXI,JKTyre,Ultima XP,Tubeless,74,145/80 R 12,"2,575","2,575",5,,,
Maruti,Alto,800 VXI,JKTyre,Ultima Neo,Tubeless,74,145/80 R 12,"2,520","2,520",3.6,,,
Maruti,Alto,800 VXI,JKTyre,Ultima XPC,Tube,74,145/80 R 12,"2,551","2,551",,,,
Maruti,Alto,800 VXI,JKTyre,Ultima XPC,Tubeless,74,145/80 R 12,"2,397","2,397",4,,,
Maruti,Alto,800 VXI,JKTyre,Ultima NXT,Tubeless,74,145/80 R 12,"2,520","2,520",,,,
Maruti,Alto,800 VXI,JKTyre,Ultima NXT,Tube,74,145/80 R 12,"2,629","2,629",,,,
Maruti,Alto,800 VXI Airbag,JKTyre,Ultima XP,Tubeless,74,145/80 R 12,"2,575","2,575",5,,,
Maruti,Alto,800 VXI Airbag,JKTyre,Ultima Neo,Tubeless,74,145/80 R 12,"2,520","2,520",3.6,,,
Maruti,Alto,800 VXI Airbag,JKTyre,Ultima XPC,Tube,74,145/80 R 12,"2,551","2,551",,,,
Maruti,Alto,800 VXI Airbag,JKTyre,Ultima XPC,Tubeless,74,145/80 R 12,"2,397","2,397",4,,,
Maruti,Alto,800 VXI Airbag,JKTyre,Ultima NXT,Tubeless,74,145/80 R 12,"2,520","2,520",,,,
Maruti,Alto,800 VXI Airbag,JKTyre,Ultima NXT,Tube,74,145/80 R 12,"2,629","2,629",,,,
Maruti,Alto,658 JDM,JKTyre,Ultima Neo,Tubeless,75,145/80 R 13,"2,702","2,702",5,,,
Maruti,Alto,658 JDM,JKTyre,Ultima NXT,Tubeless,75,145/80 R 13,"2,810","2,810",4,,,
Maruti,Alto,658 JDM,JKTyre,Taximaxx,Tubeless,75,145/80 R 13,"2,838","2,838",,,,
Maruti,Alto,Green LX,JKTyre,Ultima XP,Tubeless,74,145/80 R 12,"2,575","2,575",5,,,
Maruti,Alto,Green LX,JKTyre,Ultima Neo,Tubeless,74,145/80 R 12,"2,520","2,520",3.6,,,
Maruti,Alto,Green LX,JKTyre,Ultima XPC,Tube,74,145/80 R 12,"2,551","2,551",,,,
Maruti,Alto,Green LX,JKTyre,Ultima XPC,Tubeless,74,145/80 R 12,"2,397","2,397",4,,,
Maruti,Alto,Green LX,JKTyre,Ultima NXT,Tubeless,74,145/80 R 12,"2,520","2,520",,,,
Maruti,Alto,Green LX,JKTyre,Ultima NXT,Tube,74,145/80 R 12,"2,629","2,629",,,,
Maruti,Alto,Green LXi (CNG),JKTyre,Ultima XP,Tubeless,74,145/80 R 12,"2,575","2,575",5,,,
Maruti,Alto,Green LXi (CNG),JKTyre,Ultima Neo,Tubeless,74,145/80 R 12,"2,520","2,520",3.6,,,
Maruti,Alto,Green LXi (CNG),JKTyre,Ultima XPC,Tube,74,145/80 R 12,"2,551","2,551",,,,
Maruti,Alto,Green LXi (CNG),JKTyre,Ultima XPC,Tubeless,74,145/80 R 12,"2,397","2,397",4,,,
Maruti,Alto,Green LXi (CNG),JKTyre,Ultima NXT,Tubeless,74,145/80 R 12,"2,520","2,520",,,,
Maruti,Alto,Green LXi (CNG),JKTyre,Ultima NXT,Tube,74,145/80 R 12,"2,629","2,629",,,,
Maruti,Alto,Green Std,JKTyre,Ultima XP,Tubeless,74,145/80 R 12,"2,575","2,575",5,,,
Maruti,Alto,Green Std,JKTyre,Ultima Neo,Tubeless,74,145/80 R 12,"2,520","2,520",3.6,,,
Maruti,Alto,Green Std,JKTyre,Ultima XPC,Tube,74,145/80 R 12,"2,551","2,551",,,,
Maruti,Alto,Green Std,JKTyre,Ultima XPC,Tubeless,74,145/80 R 12,"2,397","2,397",4,,,
Maruti,Alto,Green Std,JKTyre,Ultima NXT,Tubeless,74,145/80 R 12,"2,520","2,520",,,,
Maruti,Alto,Green Std,JKTyre,Ultima NXT,Tube,74,145/80 R 12,"2,629","2,629",,,,
Maruti,Alto,LX,JKTyre,Ultima XP,Tubeless,74,145/80 R 12,"2,575","2,575",5,,,
Maruti,Alto,LX,JKTyre,Ultima Neo,Tubeless,74,145/80 R 12,"2,520","2,520",3.6,,,
Maruti,Alto,LX,JKTyre,Ultima XPC,Tube,74,145/80 R 12,"2,551","2,551",,,,
Maruti,Alto,LX,JKTyre,Ultima XPC,Tubeless,74,145/80 R 12,"2,397","2,397",4,,,
Maruti,Alto,LX,JKTyre,Ultima NXT,Tubeless,74,145/80 R 12,"2,520","2,520",,,,
Maruti,Alto,LX,JKTyre,Ultima NXT,Tube,74,145/80 R 12,"2,629","2,629",,,,
Maruti,Alto,LXi,JKTyre,Ultima XP,Tubeless,74,145/80 R 12,"2,575","2,575",5,,,
Maruti,Alto,LXi,JKTyre,Ultima Neo,Tubeless,74,145/80 R 12,"2,520","2,520",3.6,,,
Maruti,Alto,LXi,JKTyre,Ultima XPC,Tube,74,145/80 R 12,"2,551","2,551",,,,
Maruti,Alto,LXi,JKTyre,Ultima XPC,Tubeless,74,145/80 R 12,"2,397","2,397",4,,,
Maruti,Alto,LXi,JKTyre,Ultima NXT,Tubeless,74,145/80 R 12,"2,520","2,520",,,,
Maruti,Alto,LXi,JKTyre,Ultima NXT,Tube,74,145/80 R 12,"2,629","2,629",,,,
Maruti,Alto,Std,JKTyre,Ultima XP,Tubeless,74,145/80 R 12,"2,575","2,575",5,,,
Maruti,Alto,Std,JKTyre,Ultima Neo,Tubeless,74,145/80 R 12,"2,520","2,520",3.6,,,
Maruti,Alto,Std,JKTyre,Ultima XPC,Tube,74,145/80 R 12,"2,551","2,551",,,,
Maruti,Alto,Std,JKTyre,Ultima XPC,Tubeless,74,145/80 R 12,"2,397","2,397",4,,,
Maruti,Alto,Std,JKTyre,Ultima NXT,Tubeless,74,145/80 R 12,"2,520","2,520",,,,
Maruti,Alto,Std,JKTyre,Ultima NXT,Tube,74,145/80 R 12,"2,629","2,629",,,,
Maruti,Alto,800 Lx CNG,JKTyre,Ultima XP,Tubeless,74,145/80 R 12,"2,575","2,575",5,,,
Maruti,Alto,800 Lx CNG,JKTyre,Ultima Neo,Tubeless,74,145/80 R 12,"2,520","2,520",3.6,,,
Maruti,Alto,800 Lx CNG,JKTyre,Ultima XPC,Tube,74,145/80 R 12,"2,551","2,551",,,,
Maruti,Alto,800 Lx CNG,JKTyre,Ultima XPC,Tubeless,74,145/80 R 12,"2,397","2,397",4,,,
Maruti,Alto,800 Lx CNG,JKTyre,Ultima NXT,Tubeless,74,145/80 R 12,"2,520","2,520",,,,
Maruti,Alto,800 Lx CNG,JKTyre,Ultima NXT,Tube,74,145/80 R 12,"2,629","2,629",,,,
Maruti,Alto,800 Lxi Airbag,JKTyre,Ultima XP,Tubeless,74,145/80 R 12,"2,575","2,575",5,,,
Maruti,Alto,800 Lxi Airbag,JKTyre,Ultima Neo,Tubeless,74,145/80 R 12,"2,520","2,520",3.6,,,
Maruti,Alto,800 Lxi Airbag,JKTyre,Ultima XPC,Tube,74,145/80 R 12,"2,551","2,551",,,,
Maruti,Alto,800 Lxi Airbag,JKTyre,Ultima XPC,Tubeless,74,145/80 R 12,"2,397","2,397",4,,,
Maruti,Alto,800 Lxi Airbag,JKTyre,Ultima NXT,Tubeless,74,145/80 R 12,"2,520","2,520",,,,
Maruti,Alto,800 Lxi Airbag,JKTyre,Ultima NXT,Tube,74,145/80 R 12,"2,629","2,629",,,,
Maruti,Alto,800 Lxi CNG,JKTyre,Ultima XP,Tubeless,74,145/80 R 12,"2,575","2,575",5,,,
Maruti,Alto,800 Lxi CNG,JKTyre,Ultima Neo,Tubeless,74,145/80 R 12,"2,520","2,520",3.6,,,
Maruti,Alto,800 Lxi CNG,JKTyre,Ultima XPC,Tube,74,145/80 R 12,"2,551","2,551",,,,
Maruti,Alto,800 Lxi CNG,JKTyre,Ultima XPC,Tubeless,74,145/80 R 12,"2,397","2,397",4,,,
Maruti,Alto,800 Lxi CNG,JKTyre,Ultima NXT,Tubeless,74,145/80 R 12,"2,520","2,520",,,,
Maruti,Alto,800 Lxi CNG,JKTyre,Ultima NXT,Tube,74,145/80 R 12,"2,629","2,629",,,,
Maruti,Alto,800 Std CNG,JKTyre,Ultima XP,Tubeless,74,145/80 R 12,"2,575","2,575",5,,,
Maruti,Alto,800 Std CNG,JKTyre,Ultima Neo,Tubeless,74,145/80 R 12,"2,520","2,520",3.6,,,
Maruti,Alto,800 Std CNG,JKTyre,Ultima XPC,Tube,74,145/80 R 12,"2,551","2,551",,,,
Maruti,Alto,800 Std CNG,JKTyre,Ultima XPC,Tubeless,74,145/80 R 12,"2,397","2,397",4,,,
Maruti,Alto,800 Std CNG,JKTyre,Ultima NXT,Tubeless,74,145/80 R 12,"2,520","2,520",,,,
Maruti,Alto,800 Std CNG,JKTyre,Ultima NXT,Tube,74,145/80 R 12,"2,629","2,629",,,,
Maruti,Alto,658 JDM,MRF,ZLX,Tubeless,75,145/80 R 13,"3,968","3,968",,,,
Maruti,Alto,Green LXi (CNG),MRF,ZCT,Tubeless,78,145/80 R 12,"2,608","2,608",,,,
Maruti,Alto,Green LXi (CNG),MRF,ZCT,Tube,78,145/80 R 12,"2,608","2,608",,,,
Maruti,Alto,Green LXi (CNG),MRF,ZVTS,Tube,74,145/80 R 12,"3,110","3,110",4,,,
Maruti,Alto,Green LX,MRF,ZCT,Tubeless,78,145/80 R 12,"2,608","2,608",,,,
Maruti,Alto,Green LX,MRF,ZCT,Tube,78,145/80 R 12,"2,608","2,608",,,,
Maruti,Alto,Green LX,MRF,ZVTS,Tube,74,145/80 R 12,"3,110","3,110",4,,,
Maruti,Alto,Green Std,MRF,ZCT,Tubeless,78,145/80 R 12,"2,608","2,608",,,,
Maruti,Alto,Green Std,MRF,ZCT,Tube,78,145/80 R 12,"2,608","2,608",,,,
Maruti,Alto,Green Std,MRF,ZVTS,Tube,74,145/80 R 12,"3,110","3,110",4,,,
Maruti,Alto,LX,MRF,ZCT,Tubeless,78,145/80 R 12,"2,608","2,608",,,,
Maruti,Alto,LX,MRF,ZCT,Tube,78,145/80 R 12,"2,608","2,608",,,,
Maruti,Alto,LX,MRF,ZVTS,Tube,74,145/80 R 12,"3,110","3,110",4,,,
Maruti,Alto,LXi,MRF,ZCT,Tubeless,78,145/80 R 12,"2,608","2,608",,,,
Maruti,Alto,LXi,MRF,ZCT,Tube,78,145/80 R 12,"2,608","2,608",,,,
Maruti,Alto,LXi,MRF,ZVTS,Tube,74,145/80 R 12,"3,110","3,110",4,,,
Maruti,Alto,Std,MRF,ZCT,Tubeless,78,145/80 R 12,"2,608","2,608",,,,
Maruti,Alto,Std,MRF,ZCT,Tube,78,145/80 R 12,"2,608","2,608",,,,
Maruti,Alto,Std,MRF,ZVTS,Tube,74,145/80 R 12,"3,110","3,110",4,,,
Maruti,Alto,800 Lx CNG,MRF,ZCT,Tubeless,78,145/80 R 12,"2,608","2,608",,,,
Maruti,Alto,800 Lx CNG,MRF,ZCT,Tube,78,145/80 R 12,"2,608","2,608",,,,
Maruti,Alto,800 Lx CNG,MRF,ZVTS,Tube,74,145/80 R 12,"3,110","3,110",4,,,
Maruti,Alto,800 Lxi Airbag,MRF,ZCT,Tubeless,78,145/80 R 12,"2,608","2,608",,,,
Maruti,Alto,800 Lxi Airbag,MRF,ZCT,Tube,78,145/80 R 12,"2,608","2,608",,,,
Maruti,Alto,800 Lxi Airbag,MRF,ZVTS,Tube,74,145/80 R 12,"3,110","3,110",4,,,
Maruti,Alto,800 Lxi CNG,MRF,ZCT,Tubeless,78,145/80 R 12,"2,608","2,608",,,,
Maruti,Alto,800 Lxi CNG,MRF,ZCT,Tube,78,145/80 R 12,"2,608","2,608",,,,
Maruti,Alto,800 Lxi CNG,MRF,ZVTS,Tube,74,145/80 R 12,"3,110","3,110",4,,,
Maruti,Alto,800 Std CNG,MRF,ZCT,Tubeless,78,145/80 R 12,"2,608","2,608",,,,
Maruti,Alto,800 Std CNG,MRF,ZCT,Tube,78,145/80 R 12,"2,608","2,608",,,,
Maruti,Alto,800 Std CNG,MRF,ZVTS,Tube,74,145/80 R 12,"3,110","3,110",4,,,
Maruti,Alto,800 VXI,MRF,ZCT,Tubeless,78,145/80 R 12,"2,608","2,608",,,,
Maruti,Alto,800 VXI,MRF,ZCT,Tube,78,145/80 R 12,"2,608","2,608",,,,
Maruti,Alto,800 VXI,MRF,ZVTS,Tube,74,145/80 R 12,"3,110","3,110",4,,,
Maruti,Alto,800 VXI Airbag,MRF,ZCT,Tubeless,78,145/80 R 12,"2,608","2,608",,,,
Maruti,Alto,800 VXI Airbag,MRF,ZCT,Tube,78,145/80 R 12,"2,608","2,608",,,,
Maruti,Alto,800 VXI Airbag,MRF,ZVTS,Tube,74,145/80 R 12,"3,110","3,110",4,,,
Maruti,Alto,658 JDM,Yokohama,Earth-1 E400,Tubeless,75,145/80 R 13,"2,985","2,985",4.5,,,
Maruti,Baleno,Vxi,Apollo,Ainac 4GS,Tubeless,86,185/65 R 14,"4,493","5,616",3.9,,,
Maruti,Baleno,Vxi BS III,Apollo,Ainac 4GS,Tubeless,86,185/65 R 14,"4,493","5,616",3.9,,,
Maruti,Baleno,RS,Apollo,Ainac 4G,Tubeless,87,195/55 R 16,"6,824","6,824",1.9,,,
Maruti,Baleno,RS,Apollo,Ainac 4G,Tubeless,87,195/55 R 16,"7,315","7,315",4,,,
Maruti,Baleno,Vxi,BridgeStone,Ecopia EP150,Tubeless,86,185/65 R 14,"4,950","4,950",3.8,,,
Maruti,Baleno,Vxi,BridgeStone,B-Series B290,Tubeless,86,185/65 R 14,"5,140","5,140",5,,,
Maruti,Baleno,Vxi BS III,BridgeStone,Ecopia EP150,Tubeless,86,185/65 R 14,"4,950","4,950",3.8,,,
Maruti,Baleno,Vxi BS III,BridgeStone,B-Series B290,Tubeless,86,185/65 R 14,"5,140","5,140",5,,,
Maruti,Baleno,RS,BridgeStone,B-Series B250,Tubeless,87,195/55 R 16,"8,000","8,000",2.8,,,
Maruti,Baleno,RS,BridgeStone,Ecopia EP150,Tubeless,87,195/55 R 16,"8,250","8,250",4.8,,,
Maruti,Baleno,RS,BridgeStone,B-Series B290,Tubeless,87,195/55 R 16,"8,350","8,350",,,,
Maruti,Baleno,RS,CEAT,SecuraDrive,Tubeless,87,195/55 R 16,"5,753","5,753",5,,,
Maruti,Baleno,Vxi BS III,CEAT,Milage X3,Tubeless,86,185/65 R 14,"4,407","4,407",5,,,
Maruti,Baleno,Vxi,CEAT,Milage X3,Tubeless,86,185/65 R 14,"4,407","4,407",5,,,
Maruti,Baleno,Vxi,Continental,ContiComfort Contact CC5,Tubeless,86,185/65 R 14,"4,500","4,500",,,,
Maruti,Baleno,Vxi,Continental,Comfort Contact CC6,Tubeless,86,185/65 R 14,"5,269","5,772",,,,
Maruti,Baleno,Vxi,Continental,UltraContact UC6,Tubeless,86,185/65 R 14,"5,430","5,430",,,,
Maruti,Baleno,Vxi BS III,Continental,ContiComfort Contact CC5,Tubeless,86,185/65 R 14,"4,500","4,500",,,,
Maruti,Baleno,Vxi BS III,Continental,Comfort Contact CC6,Tubeless,86,185/65 R 14,"5,269","5,772",,,,
Maruti,Baleno,Vxi BS III,Continental,UltraContact UC6,Tubeless,86,185/65 R 14,"5,430","5,430",,,,
Maruti,Baleno,RS,Continental,ContiMax Contact MC5,Tubeless,87,195/55 R 16,"7,921","7,921",,,,
Maruti,Baleno,RS,Continental,UltraContact UC6,Tubeless,87,195/55 R 16,"8,373","9,262",,,,
Maruti,Baleno,RS,Falken,Sincera835,Tubeless,87,195/55 R 16,"6,887","6,887",,,,
Maruti,Baleno,RS,Falken,Ziex ZE914 EcoRun,Tubeless,87,195/55 R 16,"7,181","7,181",,,,
Maruti,Baleno,Vxi BS III,Falken,Sincera835,Tubeless,86,185/65 R 14,"4,662","4,662",,,,
Maruti,Baleno,RS,GoodYear,Assurance Triplemax,Tubeless,87,195/55 R 16,"7,220","7,220",4.8,,,
Maruti,Baleno,Vxi BS III,GoodYear,Assurance Duraplus,Tubeless,86,185/65 R 14,"4,410","4,410",,,,
Maruti,Baleno,Vxi BS III,GoodYear,Assurance Triplemax,Tubeless,86,185/65 R 14,"4,410","4,410",,,,
Maruti,Baleno,Vxi BS III,GoodYear,Assurance Triplemax 2,Tubeless,86,185/65 R 14,"4,451","4,451",,,,
Maruti,Baleno,Vxi BS III,GoodYear,Eagle F1 Directional 5,Tubeless,86,185/65 R 14,"4,641","4,641",3,,,
Maruti,Baleno,Vxi,GoodYear,Assurance Duraplus,Tubeless,86,185/65 R 14,"4,410","4,410",,,,
Maruti,Baleno,Vxi,GoodYear,Assurance Triplemax,Tubeless,86,185/65 R 14,"4,410","4,410",,,,
Maruti,Baleno,Vxi,GoodYear,Assurance Triplemax 2,Tubeless,86,185/65 R 14,"4,451","4,451",,,,
Maruti,Baleno,Vxi,GoodYear,Eagle F1 Directional 5,Tubeless,86,185/65 R 14,"4,641","4,641",3,,,
Maruti,Baleno,Vxi BS III,Firestone,FR500,Tubeless,86,185/65 R 14,"3,943","3,943",,,,
Maruti,Baleno,Vxi,Firestone,FR500,Tubeless,86,185/65 R 14,"3,943","3,943",,,,
Maruti,Baleno,Vxi BS III,Hankook,Optimo K415,Tubeless,86,185/65 R 14,"4,467","4,467",,,,
Maruti,Baleno,Vxi,Hankook,Optimo K415,Tubeless,86,185/65 R 14,"4,467","4,467",,,,
Maruti,Baleno,Vxi BS III,JKTyre,Ultima Sport,Tubeless,86,185/65 R 14,"3,821","3,821",,,,
Maruti,Baleno,Vxi,JKTyre,Ultima Sport,Tubeless,86,185/65 R 14,"3,821","3,821",,,,
Maruti,Baleno,RS,JKTyre,UX Royale,Tubeless,87,195/55 R 16,"6,763","6,763",,,,
Maruti,Baleno,Vxi BS III,Michelin,Energy XM2,Tubeless,86,185/65 R 14,"5,370","5,370",3,,,
Maruti,Baleno,Vxi,Michelin,Energy XM2,Tubeless,86,185/65 R 14,"5,370","5,370",3,,,
Maruti,Baleno,RS,Michelin,Primacy 4ST,Tubeless,87,195/55 R 16,"9,110","9,110",3.6,,,
Maruti,Baleno,Vxi BS III,Pirelli,Cinturato P6,Tubeless,86,185/65 R 14,"5,552","5,552",,,,
Maruti,Baleno,Vxi,Pirelli,Cinturato P6,Tubeless,86,185/65 R 14,"5,552","5,552",,,,
Maruti,Baleno,RS,Pirelli,Cinturato P1 Verde,Tubeless,87,195/55 R 16,"9,088","9,088",,,,
Maruti,Baleno,Vxi BS III,UltraMile,UM 551,Tubeless,86,185/65 R 14,"4,390","4,390",,,,
Maruti,Baleno,Vxi,UltraMile,UM 551,Tubeless,86,185/65 R 14,"4,390","4,390",,,,
Maruti,Baleno,RS,Yokohama,Earth-1 E400,Tubeless,87,195/55 R 16,"7,568","7,568",4.4,,,
Maruti,Baleno,RS,Yokohama,BluEarth-GT AE51,Tubeless,87,195/55 R 16,"7,840","7,840",,,,
Maruti,Baleno,RS,Yokohama,S.Drive AS01,Tubeless,87,195/55 R 16,"7,869","7,869",,,,
Maruti,Baleno,RS,Yokohama,BluEarth AE50,Tubeless,87,195/55 R 16,"8,033","8,033",4,,,
Maruti,Baleno,Vxi BS III,Yokohama,Earth-1 E400,Tubeless,86,185/65 R 14,"4,478","4,478",,,,
Maruti,Baleno,Vxi,Yokohama,Earth-1 E400,Tubeless,86,185/65 R 14,4478,"4,478",,,,
Maruti,Wagon R,Diesel,Apollo,AMAZER3G,Tubeless,75,155/65 R 14,"3,325","3,325",5,,,
Maruti,Wagon R,Diesel,Apollo,Amazer 4G Life,Tubeless,75,155/65 R 14,"3,534","3,534",,,,
Maruti,Wagon R,LX (Petrol),Apollo,Amazer 4G Life,Tubeless,75,145/80 R 13,"2,781","2,781",4,,,
Maruti,Wagon R,LXI (CNG),Apollo,Amazer 4G Life,Tubeless,75,145/80 R 13,"2,781","2,781",4,,,
Maruti,Wagon R,LXI (DUO),Apollo,Amazer 4G Life,Tubeless,75,145/80 R 13,"2,781","2,781",4,,,
Maruti,Wagon R,LXI (Petrol),Apollo,Amazer 4G Life,Tubeless,75,145/80 R 13,"2,781","2,781",4,,,
Maruti,Wagon R,VXI with ABS (Petrol),Apollo,AMAZER3G,Tubeless,75,155/65 R 14,"3,325","3,325",5,,,
Maruti,Wagon R,VXI with ABS (Petrol),Apollo,Amazer 4G Life,Tubeless,75,155/65 R 14,"3,534","3,534",,,,
Maruti,Wagon R,VXI (Petrol),Apollo,AMAZER3G,Tubeless,75,155/65 R 14,"3,325","3,325",5,,,
Maruti,Wagon R,VXI (Petrol),Apollo,Amazer 4G Life,Tubeless,75,155/65 R 14,"3,534","3,534",,,,
Maruti,Wagon R,VXI (Petrol),BridgeStone,Turanza T005,Tubeless,75,155/65 R 14,"3,696","3,696",4.1,,,
Maruti,Wagon R,VXI (Petrol),BridgeStone,B-Series B290,Tubeless,75,155/65 R 14,"3,700","3,700",,,,
Maruti,Wagon R,VXI with ABS (Petrol),BridgeStone,Turanza T005,Tubeless,75,155/65 R 14,"3,696","3,696",4.1,,,
Maruti,Wagon R,VXI with ABS (Petrol),BridgeStone,B-Series B290,Tubeless,75,155/65 R 14,"3,700","3,700",,,,
Maruti,Wagon R,LXI (Petrol),BridgeStone,B-Series B290,Tubeless,75,145/80 R 13,"3,400","3,400",4.2,,,
Maruti,Wagon R,LXI (DUO),BridgeStone,B-Series B290,Tubeless,75,145/80 R 13,"3,400","3,400",4.2,,,
Maruti,Wagon R,LXI (CNG),BridgeStone,B-Series B290,Tubeless,75,145/80 R 13,"3,400","3,400",4.2,,,
Maruti,Wagon R,LX (Petrol),BridgeStone,B-Series B290,Tubeless,75,145/80 R 13,"3,400","3,400",4.2,,,
Maruti,Wagon R,Diesel,BridgeStone,Turanza T005,Tubeless,75,155/65 R 14,"3,696","3,696",4.1,,,
Maruti,Wagon R,Diesel,BridgeStone,B-Series B290,Tubeless,75,155/65 R 14,"3,700","3,700",,,,
Maruti,Wagon R,Diesel,CEAT,Milage X3,Tubeless,75,155/65 R 14,"3,417","3,417",4,,,
Maruti,Wagon R,Diesel,CEAT,FuelSmart,Tubeless,75,155/65 R 14,"3,514","3,514",,,,
Maruti,Wagon R,LX (Petrol),CEAT,Milage X3,Tubeless,75,145/80 R 13,"2,773","2,773",3.7,,,
Maruti,Wagon R,LXI (CNG),CEAT,Milage X3,Tubeless,75,145/80 R 13,"2,773","2,773",3.7,,,
Maruti,Wagon R,LXI (DUO),CEAT,Milage X3,Tubeless,75,145/80 R 13,"2,773","2,773",3.6,,,
Maruti,Wagon R,LXI (Petrol),CEAT,Milage X3,Tubeless,75,145/80 R 13,"2,773","2,773",3.6,,,
Maruti,Wagon R,VXI with ABS (Petrol),CEAT,Milage X3,Tubeless,75,155/65 R 14,"3,417","3,417",4,,,
Maruti,Wagon R,VXI with ABS (Petrol),CEAT,FuelSmart,Tubeless,75,155/65 R 14,"3,514","3,514",,,,
Maruti,Wagon R,vxi (Petrol),CEAT,Milage X3,Tubeless,75,155/65 R 14,"3,417","3,417",4,,,
Maruti,Wagon R,vxi (Petrol),CEAT,FuelSmart,Tubeless,75,155/65 R 14,"3,514","3,514",,,,
Maruti,Wagon R,VXI (Petrol),Continental,ContiComfort Contact CC5,Tubeless,75,155/65 R 14,"3,757","3,757",,,,
Maruti,Wagon R,VXI with ABS (Petrol),Continental,ContiComfort Contact CC5,Tubeless,75,155/65 R 14,"3,757","3,757",,,,
Maruti,Wagon R,LXI (Petrol),Continental,ContiComfort Contact CC5,Tubeless,75,145/80 R 13,"3,599","3,599",,,,
Maruti,Wagon R,LXI (Petrol),Continental,Comfort Contact CC6,Tubeless,75,145/80 R 13,"3,599","3,599",,,,
Maruti,Wagon R,LXI (DUO),Continental,ContiComfort Contact CC5,Tubeless,75,145/80 R 13,"3,599","3,599",,,,
Maruti,Wagon R,LXI (DUO),Continental,Comfort Contact CC6,Tubeless,75,145/80 R 13,"3,599","3,599",,,,
Maruti,Wagon R,LXI (CNG),Continental,ContiComfort Contact CC5,Tubeless,75,145/80 R 13,"3,599","3,599",,,,
Maruti,Wagon R,LXI (CNG),Continental,Comfort Contact CC6,Tubeless,75,145/80 R 13,"3,599","3,599",,,,
Maruti,Wagon R,LX (Petrol),Continental,ContiComfort Contact CC5,Tubeless,75,145/80 R 13,"3,599","3,599",,,,
Maruti,Wagon R,LX (Petrol),Continental,Comfort Contact CC6,Tubeless,75,145/80 R 13,"3,599","3,599",,,,
Maruti,Wagon R,Diesel,Continental,ContiComfort Contact CC5,Tubeless,75,155/65 R 14,"3,757","3,757",,,,
Maruti,Wagon R,VXI (Petrol),Firestone,FR500,Tubeless,75,155/65 R 14,"2,850","2,850",,,,
Maruti,Wagon R,VXI with ABS (Petrol),Firestone,FR500,Tubeless,75,155/65 R 14,"2,850","2,850",,,,
Maruti,Wagon R,LXI (Petrol),Firestone,FS100,Tubeless,74,145/80 R 13,"2,623","2,623",,,,
Maruti,Wagon R,LXI (DUO),Firestone,FS100,Tubeless,74,145/80 R 13,"2,623","2,623",,,,
Maruti,Wagon R,LXI (CNG),Firestone,FS100,Tubeless,74,145/80 R 13,"2,623","2,623",,,,
Maruti,Wagon R,LX (Petrol),Firestone,FS100,Tubeless,74,145/80 R 13,"2,623","2,623",,,,
Maruti,Wagon R,Diesel,Firestone,FR500,Tubeless,75,155/65 R 14,"2,850","2,850",,,,
Maruti,Wagon R,Diesel,GoodYear,GT3,Tubeless,75,155/65 R 14,"2,827","2,827",,,,
Maruti,Wagon R,Diesel,GoodYear,Assurance Duraplus 2,Tubeless,75,155/65 R 14,"3,138","3,138",,,,
Maruti,Wagon R,LX (Petrol),GoodYear,Ducaro Hi-Miler,Tubeless,75,145/80 R 13,"2,781","2,781",,,,
Maruti,Wagon R,LX (Petrol),GoodYear,Assurance Duraplus 2,Tubeless,75,145/80 R 13,"2,826","2,826",,,,
Maruti,Wagon R,LXI (CNG),GoodYear,Ducaro Hi-Miler,Tubeless,75,145/80 R 13,"2,781","2,781",,,,
Maruti,Wagon R,LXI (CNG),GoodYear,Assurance Duraplus 2,Tubeless,75,145/80 R 13,"2,826","2,826",,,,
Maruti,Wagon R,LXI (DUO),GoodYear,Ducaro Hi-Miler,Tubeless,75,145/80 R 13,"2,781","2,781",,,,
Maruti,Wagon R,LXI (DUO),GoodYear,Assurance Duraplus 2,Tubeless,75,145/80 R 13,"2,826","2,826",,,,
Maruti,Wagon R,LXI (Petrol),GoodYear,Ducaro Hi-Miler,Tubeless,75,145/80 R 13,"2,781","2,781",,,,
Maruti,Wagon R,LXI (Petrol),GoodYear,Assurance Duraplus 2,Tubeless,75,145/80 R 13,"2,826","2,826",,,,
Maruti,Wagon R,VXI with ABS (Petrol),GoodYear,GT3,Tubeless,75,155/65 R 14,"2,827","2,827",,,,
Maruti,Wagon R,VXI with ABS (Petrol),GoodYear,Assurance Duraplus 2,Tubeless,75,155/65 R 14,"3,138","3,138",,,,
Maruti,Wagon R,VXI (Petrol),GoodYear,GT3,Tubeless,75,155/65 R 14,"2,827","2,827",,,,
Maruti,Wagon R,VXI (Petrol),GoodYear,Assurance Duraplus 2,Tubeless,75,155/65 R 14,"3,138","3,138",,,,
Maruti,Wagon R,VXI (Petrol),JKTyre,Ultima Neo,Tubeless,75,155/65 R 14,"3,046","3,046",,,,
Maruti,Wagon R,VXI with ABS (Petrol),JKTyre,Ultima Neo,Tubeless,75,155/65 R 14,"3,046","3,046",5,,,
Maruti,Wagon R,LXI (Petrol),JKTyre,Ultima Neo,Tubeless,75,145/80 R 13,"2,702","2,702",,,,
Maruti,Wagon R,LXI (Petrol),JKTyre,Ultima NXT,Tubeless,75,145/80 R 13,"2,810","2,810",,,,
Maruti,Wagon R,LXI (Petrol),JKTyre,Taximaxx,Tubeless,75,145/80 R 13,"2,838","2,838",,,,
Maruti,Wagon R,LXI (DUO),JKTyre,Ultima Neo,Tubeless,75,145/80 R 13,"2,702","2,702",,,,
Maruti,Wagon R,LXI (DUO),JKTyre,Ultima NXT,Tubeless,75,145/80 R 13,"2,810","2,810",,,,
Maruti,Wagon R,LXI (DUO),JKTyre,Taximaxx,Tubeless,75,145/80 R 13,"2,838","2,838",,,,
Maruti,Wagon R,LXI (CNG),JKTyre,Ultima Neo,Tubeless,75,145/80 R 13,"2,702","2,702",,,,
Maruti,Wagon R,LXI (CNG),JKTyre,Ultima NXT,Tubeless,75,145/80 R 13,"2,810","2,810",,,,
Maruti,Wagon R,LXI (CNG),JKTyre,Taximaxx,Tubeless,75,145/80 R 13,"2,838","2,838",,,,
Maruti,Wagon R,LX (Petrol),JKTyre,Ultima Neo,Tubeless,75,145/80 R 13,"2,702","2,702",,,,
Maruti,Wagon R,LX (Petrol),JKTyre,Ultima NXT,Tubeless,75,145/80 R 13,"2,810","2,810",,,,
Maruti,Wagon R,LX (Petrol),JKTyre,Taximaxx,Tubeless,75,145/80 R 13,"2,838","2,838",,,,
Maruti,Wagon R,Diesel,JKTyre,Ultima Neo,Tubeless,75,155/65 R 14,"3,046","3,046",5,,,
Maruti,Wagon R,Diesel,Michelin,Energy XM2,Tubeless,75,155/65 R 14,"3,983","3,983",5,,,
Maruti,Wagon R,VXI with ABS (Petrol),Michelin,Energy XM2,Tubeless,75,155/65 R 14,"3,983","3,983",5,,,
Maruti,Wagon R,VXI (Petrol),Michelin,Energy XM2,Tubeless,75,155/65 R 14,"3,983","3,983",5,,,
Maruti,Wagon R,VXI (Petrol),MRF,ZVTS,Tubeless,75,155/65 R 14,"3,186","3,186",4,,,
Maruti,Wagon R,VXI (Petrol),MRF,ZLX,Tubeless,75,155/65 R 14,"3,348","3,348",3,,,
Maruti,Wagon R,VXI with ABS (Petrol),MRF,ZVTS,Tubeless,75,155/65 R 14,"3,186","3,186",4,,,
Maruti,Wagon R,VXI with ABS (Petrol),MRF,ZLX,Tubeless,75,155/65 R 14,"3,348","3,348",3,,,
Maruti,Wagon R,LXI (Petrol),MRF,ZLX,Tubeless,75,145/80 R 13,"3,968","3,968",,,,
Maruti,Wagon R,LXI (DUO),MRF,ZLX,Tubeless,75,145/80 R 13,"3,968","3,968",,,,
Maruti,Wagon R,LXI (CNG),MRF,ZLX,Tubeless,75,145/80 R 13,"3,968","3,968",,,,
Maruti,Wagon R,LX (Petrol),MRF,ZLX,Tubeless,75,145/80 R 13,"3,968","3,968",,,,
Maruti,Wagon R,Diesel,MRF,ZVTS,Tubeless,75,155/65 R 14,"3,186","3,186",4,,,
Maruti,Wagon R,Diesel,MRF,ZLX,Tubeless,75,155/65 R 14,"3,348","3,348",3,,,
Maruti,Wagon R,Diesel,Yokohama,Earth-1 E400,Tubeless,75,155/65 R 14,"3,336","3,336",,,,
Maruti,Wagon R,LX (Petrol),Yokohama,Earth-1 E400,Tubeless,75,145/80 R 13,"2,985","2,985",4.2,,,
Maruti,Wagon R,LXI (CNG),Yokohama,Earth-1 E400,Tubeless,75,145/80 R 13,"2,985","2,985",4.2,,,
Maruti,Wagon R,LXI (DUO),Yokohama,Earth-1 E400,Tubeless,75,145/80 R 13,"2,985","2,985",4.2,,,
Maruti,Wagon R,LXI (Petrol),Yokohama,Earth-1 E400,Tubeless,75,145/80 R 13,"2,985","2,985",4.2,,,
Maruti,Wagon R,VXI with ABS (Petrol),Yokohama,Earth-1 E400,Tubeless,75,155/65 R 14,"3,336","3,336",,,,
Maruti,Wagon R,VXI (Petrol),Yokohama,Earth-1 E400,Tubeless,75,155/65 R 14,"3,336","3,336",,,,
Maruti,Vitara Brezza,Diesel Ldl (0),Apollo,Ainac 4GS,Tubeless,95,215/60 R 16,"7,298","8,985",2.8,,,
Maruti,Vitara Brezza,Diesel Ldl (0),Apollo,Apterra Cross,Tubeless,95,215/60 R 16,"8,265","8,265",,,,
Maruti,Vitara Brezza,Diesel Ldl (0),Apollo,Manchester United,Tubeless,95,215/60 R 16,"8,334","8,334",3,,,
